idx,smiles,largest_ring,num_rings,qed,mol_wt,num_HBA,num_HBD,logP,num_rotatable_bonds,tpsa,bridgehead_atoms,spiro_atoms,novelty_score,closest_in_train
53,Nc1cc(C(=O)O)ccc1C(=O)c1ccccc1C(=O)O,6,2,0.5829239462203135,285.063722452,4,3,1.8962,4,117.69000000000001,0,0,0.6923076923076923,Cc1ccc(S(=O)(=O)Nc2ccc3c(c2)CCN(Cc2cc[nH]n2)CC3)cc1Cl
120,Oc1c(OCCc2cccc(F)c2)ncnn1,6,2,0.8655505082414585,235.07570478,5,1,1.3377999999999997,4,68.13,0,0,0.5869565217391305,Cc1ccc(N2CCN(CC3CC3c3ccccc3)CC2)c(C)c1
132,CCn1c(SC(C)=O)nc2nc(OC)c(OC)c(OC)c21,6,2,0.7827398716558795,311.093977024,8,0,2.1155999999999997,5,75.47000000000001,0,0,0.7230769230769231,CC(NC(=O)CCCCCN1CCN(c2ccccc2-c2ccccc2)CC1)c1ccccc1
162,CC(C)(C)c1cccc(NC(=O)Nc2ccc(OC)cc2)c1,6,2,0.8671573615477057,298.168127944,2,2,4.636700000000003,3,50.36,0,0,0.6451612903225806,CC(C)NCC(O)c1ccc(O)c(O)c1
216,O=C(O)CCOc1cc(I)ccc1Oc1cc2ccc(I)cc2c(O)n1,6,3,0.4100989732672535,576.888318516,5,2,4.7954000000000025,6,88.88000000000001,0,0,0.7564102564102564,O=C(NC1CCC(CCN2CCC(c3coc4ccccc34)CC2)CC1)C(O)C(F)(F)F
284,COC(=O)c1ccccc1NCc1cccc(OC)c1,6,2,0.8488659224016973,271.120843404,4,1,3.0939000000000014,5,47.56,0,0,0.5789473684210527,CN1CCN(C2=Nc3cc(Cl)ccc3Nc3ccccc32)CC1
306,C=CCOC1CCC(Cc2ccc(F)cc2)C1,6,2,0.7051342864241655,234.141993448,1,0,3.739500000000003,5,9.23,0,0,0.6538461538461539,COc1cc(C(=O)NCCCCN2CCN(c3ccccc3OC)CC2)ccc1OCCCc1cn(CCCCCCCCn2cc(CCCOc3ccc(C(=O)NCCCCN4CCN(c5ccccc5OC)CC4)cc3OC)nn2)nn1
329,CCOC(=O)c1ccc(OC)c2ccc(OCC)cc12,6,2,0.7835691370824879,274.120509056,4,0,3.4238000000000026,5,44.760000000000005,0,0,0.6774193548387096,CC1c2ccccc2C=C(N2CCN(C)CC2)c2ccccc21
345,Oc1cc(=CCc2ccc(OC)cc2)[nH]c(=O)[nH]1,6,2,0.7616548210585984,246.100442308,3,3,1.8337999999999999,3,70.59,0,0,0.703125,CCNC(=O)Nc1cccc(CCN2CCN(c3cccc4nc(C)ccc34)CC2)c1
360,NC(=O)Cc1ccc2cc3ccccc3cc2c1,6,3,0.6815570868084331,235.099714036,1,1,3.0208000000000013,2,43.09,0,0,0.6458333333333334,O=S(=O)(NCC1CCN(CCOc2ccccc2-c2ccccc2)CC1)c1ccc(Cl)s1
395,O=C(OCc1ccccc1)c1ccc2c(c1)CCC2,6,3,0.7810255037236193,252.115029752,2,0,3.532300000000002,3,26.3,0,0,0.6101694915254238,CCCN(CCC)C1COc2c(cccc2C(=O)c2ccccc2)C1
404,O=C(O)C1CC(=O)C1CC,4,1,0.6165942871553703,142.06299418,2,1,0.6862000000000001,2,54.37,0,0,0.7735849056603774,CN(C)C1C=CC2(CC1)c1ccccc1C=Cc1ccc(Cl)cc12
410,CCC(=O)n1cc(OC)c(OC)c1C,5,1,0.7422056655728652,197.10519334,4,0,1.86392,3,40.46,0,0,0.6666666666666666,CSc1ccccc1OCCN1CCC(NS(=O)(=O)c2ccc(F)cc2)C1
432,Cn1c(O)cc(CCc2ccc(OCc3ccccc3)cc2O)c1O,6,3,0.6423847240321211,339.147058152,5,3,3.5061000000000027,6,74.85000000000001,0,0,0.6296296296296297,COc1cccc(CCc2ccccc2OCc2ccccc2)c1
433,CC(C)Nc1cc(NC(=S)Nc2cccc(O)c2C)ccc1OC,6,2,0.6047694255407582,345.15109797599996,4,4,4.338420000000002,5,65.55,0,0,0.7076923076923077,Cc1cc(-c2ccc3c(c2)CCN(CCCSc2nnc(-c4ccncc4)n2C)CC3)no1
511,CN(C)COc1nccc(O)n1,6,1,0.6491989051060252,169.085126592,5,1,0.0800999999999999,3,58.480000000000004,0,0,0.7272727272727273,CCN(CCc1ccc(O)c(OC)c1)Cc1cccc(O)c1OC
517,CN(C)Cc1ccccc1N1CCCN(CCO)CC1,7,2,0.8772691896141427,277.215412484,4,1,1.2526,5,29.950000000000003,0,0,0.5217391304347826,CC(C)c1ccc(S(=O)(=O)Nc2ccc(C34CNCC3C4)cc2)cc1
543,NCC(OCCCc1cnc(O)cc1)NCc1ccccc1,6,2,0.48605189094048773,301.179026976,5,3,1.8109999999999993,9,80.4,0,0,0.6666666666666666,Cc1cc(OCCCN2CCC(c3noc4cc(F)ccc34)CC2)ccc1CN1CCCC1
546,NC(=O)CCNc1ccccc1Nc1ccc(NC(=O)O)cc1,6,2,0.5385903394372402,314.13789043599996,4,5,2.8073999999999995,7,116.48,0,0,0.7037037037037037,CC(C)Oc1ccccc1N1CCN(C2CCC(NS(=O)(=O)c3ccccc3)CC2)CC1
587,Cc1cc(O)ccc1NCc1ccc2c(c1)OCO2,6,3,0.8297279616394294,257.10519334,4,2,3.0414200000000013,3,50.72,0,0,0.6111111111111112,Nc1cc(F)ccc1C(=O)CCCN1CCC2C(C1)c1cccc3c1N2CCCC3
637,CN1CC(NC(=O)Nc2cccc3[nH]ccc23)CC(C)C1,6,3,0.7945407484521088,286.179361324,2,3,2.629600000000001,2,60.160000000000004,0,0,0.6578947368421053,Cc1ccc(-c2cc3[nH]c(=O)n(CCN4CCN(c5ccccc5Cl)CC4)c(=O)c3[nH]2)cc1
650,Cc1cc(Nc2cccc(C(C)C)c2)ccc1Nc1cncnc1,6,3,0.661433391070958,318.18444670400004,4,2,5.395620000000004,5,49.84,0,0,0.746031746031746,CN1CCc2c(sc3ncn(CCN4CCN(c5ccnc6ccccc56)CC4)c(=O)c23)C1
679,NC(=O)Cc1cc(Cc2cccc(-c3ccccc3)c2)cnn1,6,3,0.7876871208509096,303.1371621640001,3,1,2.762200000000001,5,68.87,0,0,0.6833333333333333,c1ccc(-n2cc(CN3CCN(c4ncccn4)CC3)cn2)cc1
698,Cc1ccc(C(=O)OCCc2ccccc2)c(=O)[nH]1,6,2,0.8530308800514763,257.10519334,3,1,2.08282,4,59.160000000000004,0,0,0.6909090909090909,CC(C)(C)Oc1ccc(C(=O)NC2CCC(CCN3CCC(c4coc5ccccc45)CC3)CC2)cc1
699,CCN(CC)c1nc(CCc2ccc(-c3ccc(OC)c(OC)c3)cc2)ccc1O,6,3,0.5355682082002081,406.2256428199999,5,1,5.102800000000006,9,54.82000000000001,0,0,0.639344262295082,O=CC1=Cc2cn(S(=O)(=O)c3cccc4ccccc34)c3cccc(c23)O1
735,CC(=O)c1cccc(CCCc2cc(CN3CCOCC3)cc2=O)c1,6,3,0.7166760315139804,339.18344366,4,0,2.9796000000000014,7,46.61,0,0,0.6712328767123288,Cn1c(SCCCN2CCC3(CC3c3ccc(C(F)(F)F)cc3)C2)nnc1-c1cccnn1
760,CCC(CC)c1ccc(C(=O)Nc2ccc(OC)cc2OC)cc1O,6,2,0.7728562756900653,343.17835828,4,2,4.565300000000004,7,67.79,0,0,0.6527777777777778,COc1ccccc1N1CCN(Cc2cn(CCOCCOCCOCCF)nn2)CC1
778,COC(=O)CNc1ccnc2ccccc12,6,2,0.7949738234017545,216.089877624,4,1,1.8196999999999999,3,51.22,0,0,0.6774193548387096,NCCc1ccc(O)c(O)c1
782,COC(=O)Nc1cnccc1O,6,1,0.6548232510013375,168.053492116,4,2,0.9654999999999998,1,71.45,0,0,0.734375,O=C(NC1CCC(CCN2CCC(c3coc4ccccc34)CC2)CC1)C1CCOCC1
805,Oc1c(Cc2cccc(OCc3ccccc3)c2)cccc1Oc1ccc2ccccc2c1,6,5,0.2891975692334555,432.17254462799997,3,1,7.507500000000006,7,38.69,0,0,0.5555555555555556,COc1cccc(CCc2ccccc2OCc2ccccc2)c1
806,NCC(O)COc1ccc2ccccc2n1,6,2,0.8007746978402204,218.105527688,4,2,0.9331999999999996,4,68.37,0,0,0.696969696969697,COc1ccccc1N1CCN(CCCCCc2cn(-c3cccc4cnccc34)nn2)CC1
828,CC(Cc1ccccc1)Cc1ccc(O)cc1,6,2,0.8400412555967027,226.135765196,1,1,3.813500000000003,4,20.23,0,0,0.6,CCCN1CCCC(c2cccc(S(C)(=O)=O)c2)C1
829,NCc1cc(OC2CCC(NC(CN)N)Cn2)ncn1,6,2,0.3861134705850687,281.196408356,8,5,-1.7746999999999977,6,137.13,0,0,0.7794117647058824,COc1ccccc1N1CCN(CCCCNC(=O)c2cc3ccccc3s2)CC1
856,CC(C)NC(=O)Nc1ccc(Nc2ccccc2N)cc1NN,6,2,0.28817116965572875,314.18550932400007,5,6,2.8278999999999996,5,117.23,0,0,0.7090909090909091,COc1ccccc1N1CCCN(CCCCNC(=O)c2cc3ccccc3o2)CC1
860,NC(=O)C1OC(Oc2ccc(Oc3ccccc3C(=O)O)cc2)cc1,6,3,0.780759323499616,341.0899372,5,2,2.3223000000000003,6,108.08000000000003,0,0,0.6818181818181818,FC(F)(F)c1cccc(N2CCN(CCCCNc3nccc4ccccc34)CC2)c1
864,COc1cc(C)c(Sc2ccccc2SC(C)=O)c(OC)c1,6,2,0.7338539994379224,334.06973643599997,5,0,4.802020000000003,5,35.53,0,0,0.7162162162162162,Cc1ncoc1-c1nnc(SCCCNC2CCC3(c4ccc(C(F)(F)F)cc4F)CC23)n1C
881,O=C(NCC1Cc2cccc(O)c2O1)OC(=O)OO,6,2,0.31770259076872487,269.05355169200004,7,3,1.0314999999999999,2,114.32000000000002,0,0,0.6296296296296297,CCN(Cc1ccc(-c2cc(S(=O)(=O)CC)ccc2OC)[nH]1)C(C)c1ccccc1
911,CCC(=O)Cc1cc(OSS(=O)(=O)c2ccc(OC)c(OO)c2)cc(OO)c1,6,2,0.25051198579470585,430.0392241559999,10,2,3.3363000000000014,10,128.59,0,0,0.676056338028169,COc1cccc(C(=O)NCCN2CCN(c3ccc(F)cc3)CC2)c1
914,CNC(=O)c1nnn(CCC(=O)NOc2cc(OC)cc(OC)c2Cl)n1,6,2,0.6173802418961063,384.094895324,9,2,0.20359999999999956,8,129.49,0,0,0.6986301369863014,COc1ccccc1N1CCN(CCCCNC(=O)c2ccc(-c3ccsc3)cc2)CC1
924,CCC(=O)c1cc(O)ccc1O,6,1,0.5188515903886839,166.06299418,3,2,1.6905000000000001,2,57.53,0,0,0.6333333333333333,CCCN(CCCCNC(=O)c1ccc(-c2ccccc2)cc1)C1CCc2nc(N(C)C)ncc2C1
940,Cc1cc(C)n(-c2nncn2Sc2ccccc2C(F)(F)F)c1,6,3,0.7157456346806088,338.08130207600004,5,0,4.259840000000002,3,35.64,0,0,0.7164179104477612,CC(O)C1NC(=O)C(CCCCN)NC(=O)C(Cc2c[nH]c3ccccc23)NC(=O)C(Cc2ccccc2)NC(=O)C(Cc2ccccc2)NC(=O)C(CCCNC(=N)N)NC(=O)C(NCCCC2CC3c4cccc5[nH]cc(c45)CC3N(C)C2)CCCCNC(=O)C(Cc2ccc(F)cc2)NC1=O
974,COc1nc(Cc2ccc(OC(C)C)cc2)nc(C(=O)O)c1C,6,2,0.8822281789710181,316.14230712,5,1,2.8698200000000007,6,81.54,0,0,0.6617647058823529,O=C(NCCCN1CCN(c2ccc(Cl)cc2)CC1)NN(Cc1ccccc1)c1ccccc1
992,Cc1cc(NCc2ccc(O)cc2)nc(Oc2ccc(O)cc2)c(=O)n1,7,3,0.648898971073985,351.121906024,7,3,2.960820000000001,5,104.57000000000001,0,0,0.7027027027027027,COc1ccccc1N1CCN(CCCCNC(=O)c2ccc(-c3ccccn3)cc2)CC1
998,CC(C)CCn1cc(C=Nc2ccccc2OC)nn1,6,2,0.7592607360839466,272.16371126,5,0,3.083400000000001,6,52.3,0,0,0.5909090909090909,O=C(NCCCCN1CCN(c2ccccc2C(F)(F)F)CC1)c1ccc(-c2ccsc2)cc1
1017,NC(=O)Cc1cncc(NC2CCC(O)C2)c1C1CCC1,6,3,0.7695634875208478,289.179026976,4,3,1.7021999999999988,5,88.24000000000001,0,0,0.7571428571428571,CN1CCCc2ccccc2Cc2cc(O)ccc2CC1
1034,O=C1CCC(c2ccccc2)CC1-c1ccccc1,6,3,0.7759819106262654,250.135765196,1,0,4.307000000000004,2,17.07,0,0,0.5714285714285714,COc1cccn(CCCCN2CCN(c3cc(C(F)(F)F)nc(C(C)(C)C)n3)CC2)c1=O
1044,Oc1cc(Oc2ccc3c(c2)OCO3)nc(C)c1,6,3,0.8807381081146278,245.068807832,5,1,2.61662,2,60.81,0,0,0.7236842105263158,Cc1nc2c(OCCNCc3ccccc3)cccc2[nH]1
1046,Cc1cc(C)cc(CCC(=O)Nc2ncccc2N2CCOC(O)C2=O)c1Cl,6,3,0.8001865765046284,403.1298838639999,5,2,2.604740000000001,5,91.76000000000002,0,0,0.6666666666666666,COc1ccccc1N1CCN(CCCNC(=O)c2cc3ccccn3n2)CC1
1048,CC(C)(C)Nc1CCN(c2cccc(-c3ccccc3)c2)CC1,6,3,0.8830698390230466,308.225248896,2,1,4.710500000000004,3,15.27,0,0,0.6206896551724138,COc1cccc(C(=O)NCCCCN2CCN(c3cccc4ccccc34)CC2)c1
1060,Cn1c(CCc2cccc(OCc3cccc(Cc4ncncc4)c3)n2)ccn1,6,4,0.46395829441425446,385.19026035600007,6,0,3.560100000000002,8,65.72,0,0,0.7258064516129032,CCCNC1Cc2cccc3c2n(c(=O)n3CCCCCCOCCCCc2ccccc2)C1
1061,CC(Cc1cc(O)ccc1O)CC(=O)Nc1nc2ccccc2nc1,6,3,0.6212363641173452,337.1426414680001,5,3,3.248400000000001,5,95.34,0,0,0.7236842105263158,O=C(CCCN1CCC(O)(c2ccc(Cl)cc2)CC1)c1cc2ccc1CCc1ccc(cc1)CC2
1068,O=C(O)c1ccc2nc(NCCCN3CCCC3)sc2c1,6,3,0.8034026951990468,305.119797848,5,2,2.8923000000000014,6,65.46,0,0,0.5774647887323944,O=C(C=Cc1ccccc1)NCCCCN1CCc2ccc(OS(=O)(=O)C(F)(F)F)cc2C1
1102,NCC(NC1CCCC1)Oc1cccc(-c2cccc(I)c2)c1,6,3,0.5432860955289625,422.08551135600004,3,2,4.154000000000003,6,47.28,0,0,0.704225352112676,Cc1cc2c(s1)Nc1ccccc1N=C2N1CCN(C)CC1
1212,CC(=O)c1nc(Sc2nccc(SC(C)C)c2)ncc1,6,2,0.47648427396477355,305.0656541,6,0,3.725900000000002,5,55.74,0,0,0.7272727272727273,COc1ccccc1N1CCCN(CCCCNC(=O)c2cc3ccccc3o2)CC1
1230,O=C(OOC(=O)c1nccnc1Cl)c1ccccc1Cl,6,2,0.6263951597188093,311.970462032,6,0,2.712200000000001,2,78.38000000000001,0,0,0.703125,O=C(Cc1ccncc1)Nc1cccc(CCN2CCN(c3ccccc3)CC2)c1
1250,NC(=O)C1CCN(c2ncnc3[nH]ccc23)CCC1C1CCC1,7,4,0.9077909439249874,313.190260356,4,2,2.075899999999999,3,87.9,0,0,0.7027027027027027,CCc1cc(Cl)c(OC)c(C(=O)NCC2CCCN2CCCCNCCC(C(=O)N(C)C)(c2ccccc2)c2ccccc2)c1O
1271,O=c1oc(CCN2CCC(c3ccc(Cl)cc3)C2)c2c(=O)n(CCCC(C)CCC)C21,6,4,0.3854324143569932,444.217970596,4,0,4.757500000000005,10,49.85,0,0,0.5862068965517241,CCCN1CCC(c2ccc(Cl)cc2)CC1
1288,CC(C)Cc1cc2ccccc2cc1,6,2,0.6604713410819737,184.125200512,0,0,4.038300000000003,2,0.0,0,0,0.6829268292682927,NCc1ccc2c(c1)c(C1CCN(CCN3CCNC3=O)CC1)cn2-c1ccc(F)cc1
1302,CCn1c(C)nnc1NC(=O)Nc1cccc(OC)c1,6,2,0.8964023855916896,275.13822478400004,5,2,2.2590200000000005,4,81.07000000000001,0,0,0.6031746031746031,COc1ccccc1N1CCN(CCCCNC(=O)c2ccc(-c3ccsc3)cc2)CC1
1307,CC(=O)c1cc2ccccc2nc1-c1cccc(O)c1,6,3,0.7151251202101735,263.094628656,3,1,3.8100000000000023,2,50.19,0,0,0.7241379310344828,COc1ccccc1N1CCN(CCCCNC(=O)N=Nc2ccc(F)c(F)c2)CC1
1327,COc1cc(Br)ccc1NC(=O)Cc1ccc(Br)c(Br)c1,6,2,0.6598988579807318,474.841814924,2,1,5.163900000000002,4,38.33,0,0,0.6515151515151515,Oc1ccc2c(c1)CCN2
1337,COCc1ccccc1N1CCN(c2ccccc2OC)C(O)c1O,6,3,0.862368277747544,344.17360724799994,6,2,1.8049999999999993,5,65.4,0,0,0.5714285714285714,COc1ccccc1N1CCN(CCCCCNC(=O)c2cc3ccccn3n2)CC1
1363,O=C(O)C1CCCC(c2cccc(C3CCC(=O)OC3)n2)C1,6,3,0.8688559765365138,303.14705815200006,4,1,2.8606000000000016,3,76.49,0,0,0.6666666666666666,COC(=O)c1ccc(CCc2nc3ccccc3n2Cc2ccc(Cl)cc2)cc1
1426,Cc1cc(C#Cc2cccc(O)c2)cc(=O)c(O)n1,7,2,0.6989342962535574,253.073893212,4,2,1.5612199999999998,0,70.42,0,0,0.7222222222222222,CCCN(CCCCN1CCN(c2cccc(Cl)c2Cl)CC1)C1CCc2ccc(O)cc2C1
1446,O=C(CCCc1ccc2ccccc2n1)Nc1ccccc1,6,3,0.7649978161494093,290.14191319599996,2,1,4.196200000000003,5,41.99,0,0,0.6363636363636364,COc1ccccc1N1CCN(CCCCN2CCc3cc(C#N)ccc3C2=O)CC1
1460,Cc1c(-c2ccncc2)ccc(CC)c1,6,2,0.7161795278280843,197.12044948,1,0,3.6194200000000025,2,12.89,0,0,0.7142857142857143,c1ccc(-c2nc(CN3CCN(c4ccccc4)CC3)c[nH]2)cc1
1522,Cc1cc(N)ccc1Nc1cccc(F)c1F,6,2,0.7789806420466757,234.096854824,2,2,3.599020000000001,2,38.05,0,0,0.7647058823529411,C=C(C)COc1cccc2c1-c1cccc3c1C(C2)N(CCC)CC3
1557,Cc1cc(Nc2cccc(Oc3ccccc3)c2)ccc1,6,3,0.6754792644103077,275.131014164,2,1,5.5309200000000045,4,21.259999999999998,0,0,0.5853658536585366,CCCN1CCCC(c2cccc(OS(C)(=O)=O)c2)C1
1572,O=C(O)COc1ccc(Nc2cccc(N)c2)cc1,6,2,0.7173166433411307,258.100442308,4,3,2.4758000000000004,5,84.58,0,0,0.6885245901639344,COc1cccc(C(=O)NCCCCN2CCN(c3cccc4ccccc34)CC2)c1
1584,CCc1c(CCc2cccc(OC)c2)cnn(C)c1=O,6,2,0.837296293763255,272.15247788,4,0,2.1365,5,44.120000000000005,0,0,0.543859649122807,CCc1nc2cc3c(cc2o1)CCN(CCCSc1nnc(-c2ccc(C(F)(F)F)cc2)n1C)CC3
1687,NC(N)CNN1CCN(c2c(Cl)ccc3c2NCCC3)CC1C,6,3,0.6120939023255618,338.198572544,6,4,0.9566999999999997,4,82.57999999999998,0,0,0.7073170731707317,OC1(c2ccc(Cl)cc2)CC2CCC(C1)N2Cc1c[nH]c2ccccc12
1703,CCP(=O)CCc1c(OC)cc(Oc2ccccc2OC)cc1OC,6,2,0.6075344251374049,364.14396052999996,5,0,4.626800000000005,9,53.99000000000001,0,0,0.68,Cc1ccc2c(-c3nnc(SCCCN4CCc5cc6nc(C(C)C)oc6cc5CC4)n3C)cccc2n1
1720,CC(=O)Nc1cc(N=Cc2cc(Sc3cccc4ccccc34)ncn2)ncn1,6,4,0.39696731282860387,400.1106301320001,7,1,4.280000000000003,5,93.02000000000001,0,0,0.7162162162162162,CCCN1CCN(c2ccc(O)c3c2OCCO3)CC1
1747,O=c1c(CCc2ccsc2)nn2ccccn12,6,3,0.7033613698850536,245.062282972,5,0,1.6407,3,38.78,0,0,0.6956521739130435,CC(C)Oc1ccccc1N1CCN(C2CCC(NC(=O)Nc3cc(F)ccc3F)CC2)CC1
1772,CC(C)CCn1c(Nc2ccccc2Br)ncc(O)c1=O,6,2,0.8643887125502269,351.05823891599994,5,2,3.5011000000000023,5,67.15,0,0,0.75,CN(C)C(=O)C(CCNCCC(O)CN1CCN(c2cccc(Cl)c2Cl)CC1)(c1ccccc1)c1ccccc1
1776,NC(COCCNc1ccnc2ccccc12),6,2,0.7416502884647693,231.137162164,4,2,1.6219999999999994,6,60.17,0,0,0.7014925373134329,CC(C)Oc1ccccc1N1CCN(C2CCC(NS(=O)(=O)c3ccccc3)CC2)CC1
1782,COCC1cc(OCc2ccc3c(c2)CCC3)nc2c(Cc3cc[nH]c3)cnc12,6,5,0.7754946910868079,387.1946770400001,4,1,4.159800000000003,7,58.97,0,0,0.7464788732394366,O=C(NCCCCN1CCN(c2ccnc3ccccc23)CC1)c1cn2ccccc2n1
1790,CCC(=S)Nc1ccc(OC)c(OC)c1,6,1,0.7981388657756073,225.08234972,3,1,2.8531000000000013,4,30.49,0,0,0.6481481481481481,Oc1cc2c(cc1O)C1c3ccccc3CNC1CO2
1793,CC(O)CCOc1cc(O)cc(O)n1,6,1,0.6625128172669794,199.084457896,5,3,0.6424999999999998,4,82.81,0,0,0.7377049180327869,COc1ccccc1N1CCC2(CCN(CCCSc3nnc(-c4ccccc4)n3C)C2)CC1
1800,CC(=O)C1Cc(Cc2ccc3ccccc3c2)CC1=O,6,3,0.7958715183152988,266.130679816,2,0,3.566600000000003,3,34.14,0,0,0.6451612903225806,Cc1cccc(N2CCN(CCCCNC(=O)c3ccc4ccccc4c3)CC2)c1C
1804,COC(=O)c1ccccc1Cc1ccccc1,6,2,0.7517323349958736,226.099379688,2,0,3.064000000000002,3,26.3,0,0,0.6190476190476191,Cc1nc2cc(N3CCN(CCN4Cc5ccccc5C4)C3=O)ccc2s1
1805,Cc1nc(Nc2ccncc2)cc(Nc2ccncc2)n1,6,3,0.7635651151470414,278.127994448,6,2,3.06222,4,75.62,0,0,0.7254901960784313,N#Cc1cccc(C2CCCN(CCc3ccccc3)C2)c1
1811,COc1c(OC)cccc1CC(=O)c1cccc(OO)c1,6,2,0.5026832244986712,288.099773612,5,1,2.9810000000000008,6,64.99000000000001,0,0,0.6428571428571429,COc1cc(CCNCC(O)c2ccc(O)c3c2OCC(=O)N3)ccc1OCCCc1ccccc1
1822,COc1c(Nc2ccccc2OC)cccc1C,6,2,0.8865686432798066,243.125928784,3,1,3.7558200000000026,4,30.49,0,0,0.6727272727272727,Cc1sc2ccc(Cl)cc2c1S(=O)(=O)Nc1ccc2nccc(N3CCNCC3)c2c1
1846,CCC(COc1ccc(O)cc1)CC(O)COc1ccccc1,6,2,0.7415275075352395,316.167459248,4,2,3.627200000000002,9,58.92,0,0,0.5909090909090909,Oc1ccc(OCCNCCCOc2ccccc2)cc1
1867,Cc1cc(NCc2cccc(-c3ccc(N)c(C)c3)nc2=O)cc(N)n1,7,3,0.6265302527939277,347.17461029200007,6,3,2.8971400000000003,4,106.91999999999999,0,0,0.7333333333333333,CCN(CCc1cccc(OC(F)(F)F)c1)CCN1CCCCC1
1893,C[n+]1nc(O)cc(OCc2cccc(O)c2)c1O,6,2,0.6934172835280422,249.08698331609,5,3,0.6018999999999997,3,86.69000000000001,0,0,0.6428571428571429,O=C1NCN(c2ccccc2)C12CCN(CCCOc1ccc(F)cc1)CC2
1906,OCCNc1ccncc1N1CCNCC1,6,2,0.6636658057456961,222.148061196,5,3,-0.10459999999999958,4,60.42,0,0,0.6538461538461539,CCCNC1Cc2cccc3nc(O)n(c23)C1
1986,CCc1c(O)ccc(OC)c1,6,1,0.7015523595771087,152.083729624,2,1,1.9632,2,29.46,0,0,0.6086956521739131,C#Cc1cc(C(=O)NC2CCN(Cc3ccccc3)C2)c(OC)c2ccccc12
2089,COc1c(NCc2ccc(F)c(F)c2)cccc1C1CC1,6,3,0.8769349249557914,289.127820604,2,1,4.462900000000003,5,21.259999999999998,0,0,0.660377358490566,COc1cc(CN2CCN(c3ccccc3OC)CC2)ccc1OCc1cn(CCOCCOCCOCCOCCOCCNC(=O)COc2cncc(C#Cc3csc(C)n3)c2)nn1
2104,CCc1c(C)nn(-c2cccc(Oc3ccccc3OC)c2)c1N,6,3,0.7667550501147345,323.16337691200005,5,1,4.126220000000002,5,62.3,0,0,0.6363636363636364,CN(C)S(=O)(=O)NC1CCC(CCN2CCC(c3coc4ccccc34)CC2)CC1
2141,Cc1nc(C)cc(OCc2ccc(S(C)(=O)=O)cc2)n1,6,2,0.8625869966616708,292.088163372,5,0,2.07594,4,69.15,0,0,0.7166666666666667,C=CCN1CCCC1CNC(=O)c1cc(CCCSC2CC(=O)N(CCCCCC(=O)NCCOCCOCCOCCOCCOCCOCCOCCOCCOCCOCCOCCOCCC(=O)NC(Cc3cnc[nH]3)C(=O)NC(C)C(=O)NC(C(=O)NC(Cc3ccc(O)cc3)C(=O)N3CCCC3C(=O)NC(CCCNC(=N)N)C(=O)NC(Cc3cnc[nH]3)C(=O)O)C(C)CC)C2=O)cc(OC)c1OC
2174,O=C(O)c1cccc(C=Cc2cccc(O)c2)c1,6,2,0.8094092765300417,240.078644244,2,2,3.2608000000000015,3,57.53,0,0,0.660377358490566,O=S(=O)(NCCCCCCN1CCN(c2nsc3ccccc23)CC1)c1cccc2ccccc12
2177,Cc1cc(N)ccc1N1CC(Nc2ccccc2N2Cc3ccccc3C2)CC1,6,5,0.6350933095015605,384.231396896,4,2,4.788220000000004,4,44.53,0,0,0.6716417910447762,CN(C)C1C=CC2(CC1)c1ccccc1CCc1ccc(Cl)cc12
2183,Cn1c(O)cc(C(=O)CCc2ccc(O)cc2OC)c1C,6,2,0.8298323445805798,289.131408088,5,2,2.5688200000000005,5,71.69000000000001,0,0,0.6923076923076923,CCC(C)C(COC(Cc1ccccc1)C(=O)NC(CCS(C)(=O)=O)C(=O)OC(C)C)NCC(N)CS
2188,CC(C)Cc1cc2cc(O)ccc2nc1N1CCC(O)C1,6,3,0.9106268177834961,286.168127944,4,2,2.709900000000001,3,56.59,0,0,0.696969696969697,Cc1cccc(OCc2nc(N)nc(N3CCN(C)CC3)n2)c1
2190,NCCc1cc(CCc2ccc3ccc(O)cc3c2)ccc1,6,3,0.7501452065417988,291.162314292,2,2,3.831800000000003,5,46.25,0,0,0.3548387096774194,O=C1NCN(c2ccccc2)C12CCN(CCCOc1ccc(F)cc1)CC2
2202,OCC(O)Cc1cc(Br)cc(Br)n1,6,1,0.8320485932977791,308.90000272800006,3,2,1.5022999999999997,3,53.35,0,0,0.7636363636363637,CCCc1nc2cc3c(cc2o1)CCN(CCCSc1nnc(-c2cccc4nc(C)ccc24)n1C)CC3
2263,OCCNc1nccc(-c2cnncc2)c1NC1CCCCC1,6,3,0.7603551059418246,313.190260356,6,3,2.687400000000001,6,82.96000000000001,0,0,0.7183098591549296,CN1CCN(C2Cc3ccccc3Sc3ccc(Cl)cc32)CC1
2313,Cc1nc2ccccc2c(CC(=O)O)c(O)c1=O,7,2,0.8305605826215936,245.068807832,4,2,1.2361199999999997,2,87.49000000000001,0,0,0.696969696969697,O=c1ccc2ccc(OCCCCN3CCN(c4cccc5sccc45)CC3)cc2[nH]1
2324,CNC(C)Oc1cc(OC)ccc1OC,6,1,0.751629913235851,211.120843404,4,1,1.6479999999999997,5,39.72,0,0,0.6938775510204082,CN1CCN2c3ncccc3Cc3ccccc3C2C1
2341,CN(C)CC1OC(Oc2cc3c(cc2)OCO3)C(O)C1,6,3,0.8819449761616527,281.12632270800003,6,1,0.8315999999999995,4,60.39,0,0,0.6515151515151515,O=C1Cc2cc(C(=O)CCCN3CCc4ccccc4C3)ccc2N1
2357,COC1Cc(C(=N)O)cc(O)c1,6,1,0.4306758094218982,169.073893212,3,3,1.30867,2,73.54,0,0,0.7384615384615385,Cc1ncoc1-c1nnc(SCCCN2CC3CCN(c4cccc(C#N)c4)C3C2)n1C
2382,O=c1c(OCc2ccc(O)cc2)ccc2cc(O)cc(O)c2c1O,7,3,0.5892094893279882,326.07903816799995,6,4,2.601400000000001,3,107.22000000000001,0,0,0.7169811320754716,C1=C(c2nc3ccccc3s2)CCN(Cc2ccccc2)C1
2471,CC(C)Nc1ncnc(NC(C)c2ccccc2)c1,6,2,0.8596924430620104,256.16879664,4,2,3.4700000000000015,5,49.84,0,0,0.54,O=C1c2cc(Cl)c(Cl)cc2CC1CCN1CCN(c2ccccn2)CC1
2478,O=C1CCC1OOc1cccc(CC)c1,6,2,0.5597612394347365,206.094294308,3,0,2.2909000000000006,4,35.53,0,0,0.7068965517241379,CC1(c2ccc(O)cc2)C(=O)Nc2cc(Cl)cc(Cl)c2C1=O
2480,CCCC(O)CCc1cc(O)cc(C(=O)O)c1,6,1,0.7094954297242272,238.120509056,3,3,2.184,6,77.76,0,0,0.6875,CCCNC1CCc2c(OC)cccc2C1C
2500,O=C(O)c1ccc(COc2ccc3c(c2)CCCC3)cc1,6,3,0.9263230513058198,282.125594436,2,1,3.8426000000000027,4,46.53,0,0,0.6170212765957447,O=C(NCCC(F)CN1CCN(c2cccc(Cl)c2Cl)CC1)c1ccc2c(c1)Cc1ccccc1-2
2521,O=C(O)c1ccccc1CCc1cccc(-c2ccc(C(=O)O)cc2)c1,6,3,0.6872539403430994,346.12050905599995,2,2,4.535200000000003,6,74.6,0,0,0.5862068965517241,COc1cccc(C(=O)NCCCCN2CCN(c3cccc4ccccc34)CC2)c1
2536,CCC(=O)c1cccc(Cc2cccc(OC)c2)n1,6,2,0.7696185273388537,255.125928784,3,0,3.2737000000000016,5,39.19,0,0,0.6140350877192983,Cc1cc(-c2ccc3c(c2)CCN(CCCSc2nnc(-c4ccc(C(F)(F)F)cc4)n2C)CC3)no1
2602,O=c1c2ccc(F)cc2ccc2cc(O)ccc12,7,3,0.6547954301602577,240.058657748,2,1,3.1979000000000015,0,37.3,0,0,0.7115384615384616,Clc1ccc(N2CCN(Cc3c[nH]c4ncccc34)CC2)cc1
2610,Cc1cc(O)cc(SCc2ccc(OC)c(OC)c2)c1,6,2,0.8444457302237122,290.097665436,4,1,4.010120000000003,5,38.69,0,0,0.6304347826086957,C=CCN1CCC2c3cccc(O)c3CCC21
2630,COc1cc(N)c(C)c(-c2cccc(OC)c2OC)c1C,6,2,0.8732783766488927,287.152143532,4,1,3.5784400000000023,4,53.71000000000001,0,0,0.6923076923076923,CN1CCc2ccccc2Cc2ccn(C)c2CC1
2707,CC(=O)c1cc(COc2cccc(O)c2)no1,6,2,0.8190063154809571,233.068807832,5,1,2.1618000000000004,4,72.56,0,0,0.62,O=C1Nc2ccccc2CC1N1CCN(Cc2ccc(Cl)cc2)CC1
2725,CNC(=O)c1cc(CCc2cnncc2)ccc1OC,6,2,0.8973905344531066,271.132076784,4,1,1.6300000000000001,5,64.11,0,0,0.6086956521739131,O=S(=O)(NC1CCN(CCOc2ccccc2-c2ccccc2)C1)c1cccs1
2727,Cc1cc(C=Cc2ccc(O)nn2)[nH]c(=O)n(C)c1OO,7,2,0.5742253246257383,290.10150492799994,6,3,1.4554,3,107.81000000000002,0,0,0.78125,O=C(NCCCCN1CCN(c2ccccc2O)CC1)c1ccc2ccccc2c1
2730,COc1c(N)cccc1Oc1cccc(N)c1,6,2,0.7950643385766312,230.105527688,4,2,2.6519000000000004,3,70.5,0,0,0.7037037037037037,O=S(=O)(c1ccc(F)cc1)c1ccc(C=Cc2ccc(F)cc2)nc1
2760,Oc1cc(-c2ccccc2Cl)ncc1Cc1ccccc1Cl,6,3,0.7019185612396094,329.037419396,2,1,5.3518000000000026,3,33.120000000000005,0,0,0.703125,CN(C(=O)c1cccs1)C1CCC(CCN2CCN(c3cccc(Cl)c3Cl)CC2)CC1
2773,C[n+]1c(O)cc2ccc3ccc(O)cc3cc21,7,3,0.5769501930614938,226.08625504409,2,2,2.1803,0,44.34,0,0,0.725,COc1ccccc1N1CCN(CCCCn2cc(-c3cccnc3)nn2)CC1
2779,O=C1OCC(c2cccc(ONc3cccc(Cl)c3)c2)C(OO)O1,6,3,0.4808719294574786,351.0509648479999,7,2,3.812000000000002,5,86.25000000000001,0,0,0.6805555555555556,Cc1ncoc1-c1nnc(SCCCN2CC3CC3(c3ccc(Cl)cc3)C2)n1C
2788,CC(C)c1ccccc1OC(=O)c1ccc2ccccc2n1,6,3,0.5236032065443053,291.12592878400005,3,0,4.5774000000000035,3,39.19,0,0,0.5081967213114754,O=C(CC1CCOCC1)NC1CCC(CCN2CCC(c3cccc4c3CCO4)CC2)CC1
2797,CC(C)CCCc1cc(OC2CCC(O)C2O)ccc1OC,6,2,0.8129036564111596,308.198759376,4,2,2.9369000000000014,7,58.92,0,0,0.7076923076923077,O=C(NCCCCN1CCN(c2ccccc2F)CC1)c1ccc2ccccc2c1
2836,Oc1cc(Sc2cccc(Nc3ccccc3)c2)cc2c1CCC2,6,4,0.6349482032487949,333.11873522800005,3,2,5.775700000000004,4,32.26,0,0,0.7313432835820896,CCCN(CCC)C1COc2c(cccc2C(=O)c2ccccc2)C1
2838,CC(C)CCCCn1c(=O)[nH]c2cc3ccc(O)cc3cc21,6,3,0.699047902145878,298.168127944,3,2,4.014700000000002,5,58.019999999999996,0,0,0.6811594202898551,CCCN(CCN1CCN(c2ccccc2)CC1)C1CCc2c(O)cccc2C1
2850,CC(=O)COc1cc(O)nc(O)n1,6,1,0.6784586189897525,184.048406736,6,2,-0.14440000000000008,3,92.54,0,0,0.7457627118644068,ON=Cc1cc2cc(OCCCCN3CCN(c4cccc(Cl)c4Cl)CC3)ccn2n1
2914,C=CCc1cc2c(o1)CC(C(CCCCCCCCC))C2,5,2,0.3461006081158157,288.245315644,1,0,6.253700000000006,11,13.14,0,0,0.7424242424242424,CCOC(=O)c1cnn2cccc(CN3CCN(c4ccc(Cl)cc4)CC3)c12
2946,NC(=O)CCc1nc(NCc2ccc(O)cc2)nc(O)n1,6,2,0.6008678056632389,289.11748934,7,4,0.31279999999999913,6,134.25,0,0,0.65,NCCc1ccc(O)cc1
2952,CC(=O)C1c(CCCc2cccc(C3CCCCC3)c2)c2cccc12,6,4,0.6177711728402793,332.214015516,1,0,6.068600000000005,6,17.07,0,0,0.6229508196721312,COc1ccc(S(=O)(=O)NC2CCC(N3CCC(c4ccccc4OCC(F)(F)F)CC3)CC2)cc1OC
3081,CC(C)CCOc1ccc(OCc2ccc(CC)c(OO)c2)c(=O)cc1O,7,2,0.5060882056959796,374.17293855199995,6,2,4.170500000000003,9,85.22000000000001,0,0,0.7101449275362319,O=C1CCc2ccc(OCCCCN3CCN(c4ccccc4Cl)CC3)cc2N1
3107,CCC(=O)c1cc(OC2CC(Oc3ccccc3)C2)ccc1O,6,3,0.8199253489720424,312.13615911999995,4,1,3.973700000000004,6,55.760000000000005,0,0,0.6461538461538462,CN1CCN(c2cccc3c2ccn3S(=O)(=O)c2ccccc2)CC1
3147,CCN(CC)S(C)C1CCc2ccccc2cc1CC,7,2,0.7707632622124143,291.202070928,1,1,4.682600000000004,5,3.24,0,0,0.6730769230769231,CN1CCc2cc(N)ccc2C(c2ccccc2)C1
3195,CNCc1nc(C2CCCC(c3ccc4ccccc4c3)nC2)ccc1O,7,4,0.6498899849378048,361.215412484,4,3,4.258200000000004,4,57.18000000000001,0,0,0.6774193548387096,NCc1ccc2c(c1)c(C1CCN(CCN3CCNC3=O)CC1)cn2-c1ccc(F)cc1
3203,CC(=O)Oc1cc(O)ccc1OCc1ccccc1C(=O)O,6,2,0.6511230173922203,302.07903816799995,5,2,2.5947000000000005,5,93.06000000000002,0,0,0.6607142857142857,CCCN1CCc2cccc3c2C1Cc1cccc(O)c1-3
3211,COc1nc(I)ccc1OC(=O)Cc1ccc(O)c(O)c1,6,2,0.35379773172233236,400.9760204839999,6,2,2.254100000000001,4,88.88000000000001,0,0,0.6666666666666666,COc1ccccc1N1CCC2(CCN(CCCSc3nnc(-c4ccccc4)n3C)C2)CC1
3253,CN(C)c1cccc(NNc2cccc(O)c2)c1,6,2,0.7225891815959388,243.137162164,4,3,2.8971999999999998,4,47.53,0,0,0.6607142857142857,CCCCCCCCCN1CCC(c2cccc(O)c2)C1
3255,CNC(CO)CC(=O)Nc1cccc(OC)c1O,6,1,0.5484637814671622,254.126657056,5,4,0.30969999999999903,6,90.82000000000001,0,0,0.6885245901639344,CCCc1c(C(=O)NCCCCN2CCN(c3ccccc3OC)CC2)nnn1Cc1ccccc1
3277,Oc1cc(Cc2ccccc2)nc(SCc2ccccc2)c1,6,3,0.6953224591731233,307.10308516400005,3,1,4.670300000000004,5,33.120000000000005,0,0,0.6730769230769231,O=S(=O)(c1ccccc1)n1ccc2cc3c(cc21)C1CCNCCC31
3343,O=C(O)CCCc1cccc(-c2cccc(Cl)c2)c1O,6,2,0.8706484159648719,290.07097202,2,2,4.119900000000003,5,57.53,0,0,0.6949152542372882,CCCN(CCC)C1COc2c(cccc2C(=O)c2ccc(C(C)=O)cc2)C1
3348,CNC(=O)COc1cc(OCc2cc(OC)ccc2OC)ccc1OC,6,2,0.7392896607061668,361.152537456,6,1,2.4162,9,75.25000000000001,0,0,0.6617647058823529,CN1CCN(C2=Nc3cc(Cl)ccc3N(NC(=O)c3cccc(F)c3)c3ccccc32)CC1
3372,CC(C)c1nc(SCc2ccc(OC(C)C)cc2)nc(OC)n1,6,2,0.7115778230100644,333.151097976,6,0,4.083100000000003,7,57.13000000000001,0,0,0.7058823529411765,O=C(NCCCN1CCN(c2ccc(Cl)cc2)CC1)NN(Cc1ccccc1)c1ccccc1
3375,CN(C)c1nc(OCc2ccccc2)ncc1,6,2,0.8045749513817894,229.1215121,4,0,2.1216,4,38.25,0,0,0.6666666666666666,O=C(Nc1nccc2ccccc12)NC1CCN(Cc2ccccc2)CC1
3400,COc1c(CN2CCN(C)CC2)cccc1Nc1ccccc1,6,3,0.9176378427397206,311.19976242,4,1,3.1862000000000013,5,27.740000000000002,0,0,0.5192307692307693,COc1ccccc1N1CCN(Cc2cc(CN3CCN(c4ccc(Cl)cc4)CC3)c3cccccc2-3)CC1
3410,CN(C)c1ccc(OCCc2ccc(O)cc2)nc1,6,2,0.8945785248316236,258.136827816,4,1,2.4747000000000003,5,45.59,0,0,0.6666666666666666,NCCc1ccc(O)cc1
3416,CCNC(=O)C1cc2ccccc2c1NC(=O)CCCCC,6,2,0.7392613549193607,300.183778008,2,2,1.0376999999999992,7,58.2,0,0,0.7066666666666667,Oc1cc2c(cc1O)C1c3cc4c(nc3CNC1CC2)CCCC4
3444,OCC(Nc1cccc(Oc2ccccc2)c1)Nc1ccc2cccnc2c1,6,4,0.40456002797586604,371.16337691200005,5,3,4.869500000000004,7,66.41,0,0,0.6710526315789473,Cc1nc2cc3c(cc2o1)CCN(CCCSc1nnc(-c2ocnc2C)n1C)CC3
3457,O=C(O)CCc1cc(C(=O)O)nc(C(=O)O)n1,6,1,0.6475327795367656,240.038235976,5,3,-0.10980000000000023,5,137.68,0,0,0.7647058823529411,O=C(NC1CCC(CCN2CCN(c3nsc4ccccc34)CC2)CC1)c1cccnc1
3467,NCc1c(CCCC(=O)c2cccc(C(=O)O)c2)ccc(C(=O)O)c1OO,6,2,0.29779685988402155,373.1161519479999,6,4,2.5991,9,147.15,0,0,0.6666666666666666,N#Cc1ccc(C(=O)NC2CCC(CCN3CCN(c4cccc5c4OCO5)CC3)CC2)cc1
3562,Nc1ccncc1CCC(=O)C1CC2CC12,6,3,0.8348459094694957,216.126263132,3,1,1.8215,4,55.98,0,0,0.7575757575757576,CCn1cncc1-c1c[nH]c2cc(F)ccc12
3625,CC(=O)CCc1cccc(CCc2ccc3c(c2)OCO3)c1,6,3,0.8146739470653632,296.14124449999997,3,0,3.722100000000003,6,35.53,0,0,0.5818181818181818,CCNC1CCc2c(cccc2OC)C1
3626,Cc1cc(F)c(Nc2cccc(F)c2)c(N2CCC2)c1,6,3,0.9008034768737738,274.128154952,2,1,4.226920000000003,3,15.27,0,0,0.6595744680851063,O=C(NCCCCN1CCN(c2cccc(Cl)c2Cl)CC1)c1cc2ccccc2o1
3631,CN(C)c1cc(Oc2ccccc2C(=O)O)cc(N(C)CC)c1,6,2,0.8808466540187402,314.163042564,4,1,3.699200000000002,6,53.01,0,0,0.65625,CC1CC(NS(=O)(=O)c2cc3ccc(Cl)cc3s2)CN1CCCc1noc2cc(F)ccc12
3647,Cc1nc(Nc2ccccc2)cc(O)c1O,6,2,0.7213569474231459,216.089877624,4,3,2.5448200000000014,2,65.38000000000001,0,0,0.7321428571428571,CCc1c(S(=O)(=O)Nc2ccc3nccc(N4CCNCC4)c3c2)sc2ccc(Cl)cc12
3662,Nc1cc2cc(NNNc3cccc(I)c3)ccc2[nH]1,6,3,0.35621649169973135,379.029393448,4,5,3.2983000000000002,4,77.9,0,0,0.7704918032786885,N#Cc1ccc2c(c1)CCN(CCC1CCC(NC(=O)c3cccc4ccccc34)CC1)CC2
3707,CC(=O)CC1CC(C(=O)O)CC1,5,1,0.697304778502079,170.094294308,2,1,1.4664,3,54.370000000000005,0,0,0.7142857142857143,OC(COc1ccccc1)CN1CCC(Oc2ccccc2)CC1
3712,Cn1cc(NC(=O)c2cccc(OOc3c(C)cccc3C)c2O)cc1,6,3,0.538198113423449,352.14230712,5,2,3.972640000000002,5,72.72000000000001,0,0,0.7066666666666667,CN1CCN(CCN2CCN(c3cccc(Cl)c3)C2=O)CC1
3753,COC(OC)CC1CCC(Oc2ncc[nH]2)CC1,6,2,0.7917037582981026,254.163042564,4,1,2.3563,6,56.37,0,0,0.7090909090909091,CCCN(CCC)CCC1CCC(Nc2ncccn2)CC1
3788,Oc1c(O)cccc1Cc1ccc2ccccc2c1,6,3,0.6782605878695388,250.099379688,2,2,3.8418000000000028,2,40.46,0,0,0.7058823529411765,COc1cc(CCNCC(O)c2ccc(O)c3c2OCC(=O)N3)ccc1OCCCc1ccccc1
3831,CN1cc(N2CCCCC2)ss1,6,2,0.47573651803164635,202.059840448,4,0,2.513000000000001,1,6.48,0,0,0.7272727272727273,Cc1nc(C)c(-c2nnc(SCCCN3CC4CC4(c4ccc(C(F)(F)F)cc4)C3)n2C)s1
3874,OCCCCNc1nnnc(-c2cccc(O)c2O)c1O,6,2,0.3907063531745837,292.11715499199994,8,5,0.8397999999999992,6,131.62,0,0,0.7464788732394366,CN1CCN(C2Cc3ccccc3Sc3ccc(Cl)cc32)CC1
3904,Oc1cc(COc2ccccc2OCc2ccc3ccccc3c2)ccn1,6,4,0.5216115965759935,357.136493468,4,1,5.098400000000004,6,51.58,0,0,0.66,CCC(C)(C)C(=O)NCCCCN1CCN(c2ccc(Cl)cc2)CC1
3916,Nc1c(O)cccc1OOc1ccccc1,6,2,0.3582538123921786,217.073893212,4,2,2.3472,3,64.71000000000001,0,0,0.7142857142857143,O=C(NCCCCN1CCN(c2cccc(Cl)c2Cl)CC1)c1ccc2ccccc2c1
3933,CC(C)CCc1cc(NC2CCCC(C)NN2)ccc1NN,7,2,0.41264726367093435,305.25794599200003,5,5,2.9654,6,74.14,0,0,0.7424242424242424,CC(C)CC(NC(=O)C1CCCN1)C(=O)NCC(N)=O
3948,Cc1cc(Cl)c(Nc2cccc(NCC(C)C)n2)cc1Cl,6,2,0.7614149925731188,323.095602968,3,2,5.508320000000003,5,36.95,0,0,0.7258064516129032,OC1(c2ccc(Cl)cc2)CCNCC1
3975,CCCc1cc(OCc2ccccc2S(C)=O)ccc1,6,2,0.8040828757826137,288.11840087999997,2,0,3.9555000000000025,6,26.3,0,0,0.5882352941176471,CCC(C)(C)C(=O)NCCCCN1CCN(c2ccc(Cl)cc2)CC1
3988,CC1OC(CC(=O)O)C(CC(O)O)C(O)C1O,6,1,0.37567133934588665,250.105252916,6,5,-1.712799999999999,4,127.45000000000002,0,0,0.7936507936507936,CN1CCc2ccccc2Cc2cc(N)c(O)cc2CC1
4019,O=C1OCc2cc(Cl)ccc2C1CCCC,6,2,0.7514194873516941,238.0760574,2,0,3.670600000000002,3,26.3,0,0,0.6727272727272727,Cn1c(SCCCN2CCC3(CC2)CCN(c2ccccc2O)CC3)nnc1-c1ccccc1
4026,CC1OC(Oc2ccccc2)CC1O,6,2,0.7761066026184765,194.094294308,3,1,1.5612,2,38.69,0,0,0.7083333333333334,CC1Cc2ccccc2N1C(=O)CN1CCN(Cc2cc(F)cc(F)c2)CC1
4039,CC(=O)CNc1ncccc1Cl,6,1,0.7782729443524101,184.040340588,3,1,1.7358999999999998,3,41.99,0,0,0.7166666666666667,O=C(NCCCCN1CCN(c2cccc(Cl)c2Cl)CC1)c1ccc(-c2ccccn2)cc1
4055,O=C(O)c1cc2ccccc2n1CCCC(=O)O,6,2,0.8484150439394048,247.084457896,3,2,2.2043,5,79.53,0,0,0.6666666666666666,O=C1NCc2ccc(OCCCCN3CCN(c4cccc5ccccc45)CC3)cc21
4141,OC1cC(COc2ccnc(O)n2)cc1,6,2,0.7072160112475702,208.084792244,5,2,0.49799999999999983,3,75.47,0,0,0.78,CCCNC1Cc2cccc3c2n(c(=O)n3CCCCCCOCCCCc2ccccc2)C1
4147,O=C(O)COc1cc(CCc2ccc(O)cc2)ccc1,6,2,0.8479951466409272,272.104858992,3,2,2.6408000000000014,6,66.76,0,0,0.5957446808510638,O=C1Nc2ccccc2CC1N1CCN(Cc2ccc(Cl)cc2)CC1
4210,NCC(O)c1cc2cccc(O)cc2n1,7,2,0.6781892192057215,204.089877624,4,3,0.8840999999999999,2,79.37,0,0,0.625,COc1cc2c(cc1O)C1Cc3ccc(OC)c(OC)c3CN1CC2
4211,Cc1cc2cccc(O)c2cc1O,6,2,0.643961783891042,174.06807956,2,2,2.5594200000000016,0,40.46,0,0,0.7291666666666666,COc1cc(CCNCC(O)c2ccc(O)c3c2OCC(=O)N3)ccc1OCCCc1ccccc1
4272,O=C(O)c1ccccc1OCC1cccc2ccc(OOc3cccc(C(=O)O)c3)nc2n1,7,4,0.39849322367919093,446.111400916,7,2,2.2683,8,127.54,0,0,0.6818181818181818,O=C1NCc2ccc(OCCCN3CCN(c4cccc5ccccc45)CC3)c(F)c21
4278,CCCCNNc1cc2cccc(N)c2nc1C,6,2,0.42975877224349357,244.16879663999998,4,3,2.8420200000000007,5,62.97,0,0,0.7192982456140351,Cn1c(SCCCN2CC3CCN(c4ccc(C(F)(F)F)cc4)C3C2)nnc1N1CCOCC1
4284,Cc1cc(N)c(NCc2cccc(-c3ccccc3)c2)cc1,6,3,0.6730049229695902,288.16264864,2,2,4.856320000000003,4,38.05,0,0,0.6491228070175439,c1ccc(-n2cc(CN3CCN(c4ncccn4)CC3)cn2)cc1
4286,Cc1ccc(O)c2ccccc21,6,2,0.6246500939747888,158.07316494,1,1,2.8538200000000007,0,20.23,0,0,0.7222222222222222,CCOC(=O)C(CBr)c1ccccc1
4314,O=C(O)C=Cc1cnccc1OCc1ccc(O)c(OC)c1,6,2,0.7967650881356044,301.09502258000003,5,2,2.472600000000001,6,88.88000000000001,0,0,0.671875,COc1cc(CCNCC(O)c2ccc(O)c3c2OCC(=O)N3)ccc1OCCCc1ccccc1
4343,CCC(=O)c1cc(OCc2ccc(OC)cc2)ccc1OC,6,2,0.7280086415642689,300.13615912,4,0,3.8755000000000024,7,44.760000000000005,0,0,0.6538461538461539,COc1cccc(CCc2ccccc2OCc2ccccc2)c1
4353,CC(=O)c1ccc2ccc(CCc3ccc(N)cc3)cc2c1,6,3,0.570808508805421,289.146664228,2,1,4.409800000000002,4,43.09,0,0,0.6111111111111112,S=c1[nH]c2ccc(CCCN3CCN(c4ccc(Cl)cc4)CC3)cc2[nH]1
4361,Cc1cccc2nc(N3CCN(C)CC3)cc(N)c12,6,3,0.8459027179922053,256.16879664,4,1,1.87722,1,45.39,0,0,0.5925925925925926,CCCN1CCc2cccc3c2C1Cc1cccc(OCCCCN2CCN(c4ccccc4OC)CC2)c1-3
4399,CCSCC(C)CO,0,0,0.6263363435008914,134.076536068,2,1,1.3679,4,20.23,0,0,0.8095238095238095,O=C(NCCCCN1CCN(c2cc(C(F)(F)F)nc3ccccc23)CC1)c1cn2ccccc2n1
4417,C=C(C)CCc1ncc(Oc2ccccc2OC(C)C)nn1,6,2,0.7242372224076065,299.16337691200005,5,0,3.959800000000002,7,57.13,0,0,0.7283950617283951,O=C1CCc2ccc(OCCCCN3CCN(c4cccc5cc(F)ccc45)CC3)nc2N1
4487,CNc1cc(OCc2cccc(OC)c2)ncc1,6,2,0.8778449399783874,244.121177752,4,1,2.7109000000000005,5,43.379999999999995,0,0,0.5510204081632653,CCC(C)(C)C(=O)NCCCCN1CCN(c2ccc(Cl)cc2)CC1
4489,CC(=O)c1nc(NCc2ccccc2)ncc1NC,6,2,0.8036276080868034,256.132411132,5,2,2.333,5,66.91,0,0,0.6538461538461539,O=C1Nc2ccccc2CC1N1CCN(Cc2ccc(Cl)cc2)CC1
4491,CC(C)=CCCc1cc(-c2ccccc2)cc(O)n1,6,2,0.8214843955878754,253.146664228,2,1,4.353000000000004,4,33.120000000000005,0,0,0.7166666666666667,CC(C)c1cccc(N2CCN(CCN3Cc4ccccc4C3)C2=O)c1
4493,OC(=O)N1CCN(c2ccccc2O)cc1C,6,2,0.7802106089601336,234.100442308,3,2,2.0535,1,64.01,0,0,0.6590909090909091,COc1ccccc1N1CCN(CCCCn2cnc3ccccc3c2=O)CC1
4501,Oc1cccc(NNCc2cccc(O)c2)c1,6,2,0.6080311393028229,230.105527688,4,4,2.2144999999999992,4,64.52,0,0,0.5454545454545454,O=C1NCN(c2ccccc2)C12CCN(CCCOc1ccc(F)cc1)CC2
4545,Cc1c(-c2cccc(C3CCNCC3)c2)cccc1-c1ccncc1,6,4,0.7153720701368232,328.193948768,2,1,5.191020000000004,3,24.92,0,0,0.66,CCCN(CCC)C1CCn2nccc2C1
4550,O=C(O)c1cc(O)cc(OCc2ccc(O)cc2)n1,6,2,0.7751442692367396,261.06372245200004,5,3,1.7699999999999996,4,99.88000000000001,0,0,0.7111111111111111,CCCN1CCCC(c2cccc(S(C)(=O)=O)c2)C1
4552,CCNC(=O)c1ccncc1SC(C)Sc1cc(SC)cc(SC)c1,6,2,0.457346214795284,410.0614973240001,6,1,5.505500000000005,8,41.99,0,0,0.7164179104477612,COc1ccc2onc(N3CCN(CCCCNC(=O)c4ccc5nonc5c4)CC3)c2c1
4568,C[n+]1ccc(NC(=O)Nc2ccc3ccccc3c2O)cc1,6,3,0.5022634921432044,294.12370317209,2,3,3.0139000000000005,2,65.24000000000001,0,0,0.7037037037037037,COc1cccc2c1CCC1CN(CCn3c(=O)[nH]c4c(sc5cccnc54)c3=O)CC21
4582,CCC(=O)N1CCCc2cc(F)c(F)cc2C1,7,2,0.7374194764728802,239.11217054,1,0,2.6496000000000013,1,20.310000000000002,0,0,0.6304347826086957,Oc1cccc(C23CCCC(NCC2)C3O)c1
4595,OCC(O)CCc1cccc(CC)c1,6,1,0.7460358966184019,194.130679816,2,2,1.5348000000000002,5,40.46,0,0,0.6756756756756757,O=C1NCN(c2ccccc2)C12CCN(CCCOc1ccc(F)cc1)CC2
4646,OC(=O)COc1cc(OCC2CC2)ncc1O,6,2,0.7705648628304391,239.079372516,5,2,1.0393999999999999,6,88.88000000000001,0,0,0.7164179104477612,Cc1nc(C(=O)O)ccc1-c1nnc(SCCCN2CCC3(CC3c3ccc(C(F)(F)F)cc3)C2)n1C
4711,NCC(N)Nc1ccc(NNc2cccc(Nc3ccc(F)c(F)c3)n2)cc1,6,3,0.2607332450020228,385.18265011200003,7,6,3.1978,8,113.05,0,0,0.7605633802816901,CC(CNc1cncc(Cl)n1)N1CCN(c2ccccc2)CC1
4715,CC(=O)Nc1nnnc(SCc2ccc(O)c(O)c2)n(C)n1,7,2,0.7104584072346896,322.08480930800005,9,3,1.4066999999999998,2,122.24000000000001,0,0,0.7142857142857143,COc1cc2c(cc1O)C1Cc3c(CO)c(OC)cc(OC)c3CN1CC2
4728,CCC(CC)c1cc(OO)cc(OO)c1O,6,1,0.5329493494576399,228.099773612,5,3,2.999400000000001,5,79.15,0,0,0.7678571428571429,COc1ccccc1C1CC1CNCCCCOc1ccc2ccc(=O)[nH]c2c1
4730,CC(=O)CCc1nc(COC(=O)c2ccccc2)nc(C(=O)O)c1,6,2,0.7751168509733115,328.105921612,6,1,2.0534,7,106.45,0,0,0.7,Cc1nc(N)sc1CCCNC(N)=NC(=O)NC(C)c1cccc(F)c1
4766,CNn1cc(NCc2cc(OC)nc(OC)n2)nc1,6,2,0.7841537574502477,264.133473752,8,2,0.47569999999999957,6,86.12,0,0,0.7272727272727273,CC1COC(c2ccc(N)nc2)CN1CCCCNC(=O)c1cc2ccccc2[nH]1
4808,COc1cc(Cc2ccccc2)cc(OCc2ccccc2)c1,6,3,0.6469058025969574,304.14632988,2,0,4.865000000000004,6,18.46,0,0,0.5116279069767442,COc1cccc(CCc2ccccc2OCc2ccccc2)c1
4813,CC(C)Nc1ncnc2c1CC(OCc1ccc(OO)cc1OC)CC2,6,3,0.5796659245548346,359.18450628,7,2,3.2314000000000016,7,85.73000000000002,0,0,0.6931818181818182,O=C(NCCCCN1CCN(c2ccccc2Cl)CC1)c1ccc2ccccc2c1
4825,C=C(C)CC1CCN(Cc2cc3ccc(O)cc3[nH]2)CC1,6,3,0.8313321299799291,284.18886338799996,2,2,4.051700000000003,4,39.26,0,0,0.576271186440678,N#Cc1ccc2cc(CN3CCN(c4ccccc4Cl)CC3)[nH]c2c1
4827,OC1CCC2C1CC(c1c(F)cccc1F)C2,6,3,0.7960244374719324,238.116921572,1,1,3.229300000000002,1,20.23,0,0,0.6904761904761905,Cn1nc(S(=O)(=O)c2cccc3ccccc23)c2cc(N3CCNCC3)ccc21
4864,CC(C)n1c(-c2ccccc2Oc2ccc(O)cc2)ncc1C,6,3,0.7424955065515514,308.15247788,4,1,4.937320000000005,4,47.28,0,0,0.7358490566037735,Oc1ccc(OCCNCCCOc2ccccc2)cc1
4866,C=Cc1ccccc1-c1ccc(C(C)=O)c(CO)c1,6,2,0.8424812875067416,252.115029752,2,1,3.691500000000003,4,37.3,0,0,0.7076923076923077,CCCN(CCC)C1CCc2ncccc2C1
4876,COCCc1c(OOC)c(OCc2cccc(OC)c2)c1CO,6,2,0.5267367437122983,322.141638424,6,1,2.340400000000001,10,66.38000000000001,0,0,0.5384615384615384,CCC(C)(C)C(=O)NCCCCN1CCN(c2ccc(Cl)cc2)CC1
4877,CC(=O)c1ccc(NC2CCS(=O)(=O)CC2)cc1,6,2,0.849297304853904,267.092914404,4,1,1.8783,3,63.24,0,0,0.6901408450704225,CCOCCOc1ccn2ncc(C(=O)NCCCCN3CCN(c4ccccc4OC)CC3)c2c1
4891,Cc1cc(S)cc(SC(C)=O)c1I,6,1,0.4835494120237891,323.91395490800005,3,1,3.5269200000000014,1,17.07,0,0,0.7659574468085106,Oc1cccc(C2NCCc3c2[nH]c2ccccc32)c1
4893,CC(C)=CCOc1cc(N)ccc1Oc1ccc(O)cc1O,6,2,0.5772457006979383,301.131408088,5,3,3.8173000000000026,5,84.94000000000001,0,0,0.7121212121212122,Cc1c(S(=O)(=O)NC2CCN(CCCc3noc4ccccc34)C2)sc2ccc(F)cc12
4910,Cc1cc(C)c(C(=O)NC2CCC2C)nc1N,6,2,0.8182041094701817,233.152812228,3,2,1.80894,2,68.01,0,0,0.7142857142857143,CCCCN1CCCC1CNC(=O)c1cc(Cl)cc2c1OCCN2C
4915,CC1OC(Oc2ccc(O)c(O)c2)CC1O,6,2,0.654781051957019,226.084123548,5,3,0.9723999999999999,2,79.15,0,0,0.6984126984126984,Clc1ccc2[nH]c(C3=CCN(Cc4ccccc4)CC3)nc2c1
4924,Nc1cc(C)c(NC(=O)CNc2cccc3c2CCC3)cc1,6,3,0.7592089333312022,295.168462292,3,3,3.1165200000000013,4,67.14999999999999,0,0,0.68,Oc1cccc2c1-c1cccc3c1C(C2)N(Cc1ccccc1)CC3
4929,OC(Oc1ccc(Oc2ccccc2)cc1)O,6,2,0.7926397917969259,232.073558864,4,2,2.1259,4,58.92,0,0,0.6981132075471698,CC(C)(C)c1nc(N2CCN(CCCCNC(=O)c3cn4ccccc4n3)CC2)cc(C(F)(F)F)n1
4996,O=C(O)c1cc(OCc2ccc(O)cc2)ccc1O,6,2,0.7851820102114064,260.06847348400004,4,3,2.3750000000000004,4,86.99000000000001,0,0,0.6739130434782609,Cc1cc(OCCCN2CCC(c3noc4cc(F)ccc34)CC2)ccc1CN1CCCC1
5004,CC(=O)N1CCC(Oc2ccccc2)CC1,6,2,0.7617829367303767,219.125928784,2,0,2.0763000000000003,2,29.540000000000003,0,0,0.5227272727272727,CC1Cc2ccccc2N1C(=O)CN1CCN(Cc2cc(F)cc(F)c2)CC1
5018,OC1c2ccccc2cc1CC1CCCC1,6,3,0.7955458321115499,214.135765196,1,1,3.697300000000002,2,20.23,0,0,0.6923076923076923,NCC1c2ccccc2Cc2ccccc21
5024,CNC1Cc2cccc(O)c2CC(O)1,6,2,0.6063349623283243,193.11027872,3,3,0.4396999999999996,1,52.489999999999995,0,0,0.5945945945945946,CN1CCc2cc(Cl)c(O)cc2C2c3ccc(NC(=O)C4CC4)cc3CCC21
5044,C=C(C)COc1ncc(OC(C)C)c(Oc2cccc(OC(C)OC)c2)n1,6,2,0.45119143744411433,374.18417193199997,7,0,4.382200000000004,10,71.93,0,0,0.7142857142857143,O=C1N(CCN2Cc3ccccc3C2)CCN1c1cccc(OC(F)(F)F)c1
5047,O=C(O)CCC1OCC(Nc2ccc(F)nc2)C(=O)C1,6,2,0.789475293247904,282.10158518000003,5,2,1.2239999999999995,5,88.52000000000001,0,0,0.7228915662650602,c1ccc(N2CCN(C3CCC(Nc4ncccn4)CC3)CC2)cc1
5089,NC(=O)c1cccc(O)c1,6,1,0.5912712208356959,137.047678464,2,2,0.49110000000000004,1,63.32000000000001,0,0,0.6,O=C1NCN(c2ccccc2)C12CCN(CCCOc1ccc(F)cc1)CC2
5095,Cc1ccccc1NC(=O)c1cccc(O)n1,6,2,0.8288900317915847,228.089877624,3,2,2.3479200000000007,2,62.22,0,0,0.6724137931034483,c1ccc2c(N3CCN(CCc4ccc5[nH]nnc5c4)CC3)cccc2c1
5166,Cc1cc(Nc2ncnc(C)n2)cc(C)n1,6,2,0.8288986393210167,215.11709541599998,5,1,1.9354599999999997,2,63.59,0,0,0.7758620689655172,ON=Cc1cc2cc(OCCCCN3CCN(c4cccc(Cl)c4Cl)CC3)ccn2n1
5229,COc1nc(O)c(Sc2ccccc2OC)nc1C(C)C,6,2,0.9121646620868972,306.103813436,6,1,3.474000000000002,5,64.47,0,0,0.7285714285714285,CCCN1CCOC2c3cc(C#N)ccc3CCC21
5316,Cc1cc(N)cc(CC)c1O,6,1,0.47495008137526645,151.099714036,2,2,1.8452199999999999,1,46.25,0,0,0.7321428571428571,CCCN(CCC)C1CCc2c(ccc(C(O)Cc3ccc(Cl)cc3)c2OC)C1C
5365,CC(=O)Nc1ccccc1NCCc1ccc2cc(OC)cc2cc1,7,3,0.7017429358490539,334.168127944,3,2,4.413000000000003,6,50.36,0,0,0.6825396825396826,COc1ccccc1N1CCN(CCCCNC(=O)c2cc3cc(Br)ccc3o2)CC1
5366,COCCOc1ccc(C(=O)NCc2ccc(OC)cc2)cc1CCC,6,2,0.6602233539748735,357.194008344,4,1,3.6029000000000027,10,56.790000000000006,0,0,0.5441176470588235,CCCN(CCC)CCc1cccc2c1CC(=O)N2
5378,CN(CCC1CCC1)Nc1ccnc(Nc2cccc(O)c2I)c1,6,3,0.43646035382915066,438.091659356,5,3,4.584300000000004,7,60.42,0,0,0.6811594202898551,CC(=O)N1CCC(C)c2c(C)ccc(CCN3CCN(c4noc5ccccc45)CC3)c21
5442,OC(OO)Oc1cccc(O)n1,6,1,0.3364129399179081,173.032422324,6,3,-0.0684999999999999,3,92.04,0,0,0.7735849056603774,C#CC1=CCC(N(CCC)CCCCNC(=O)c2cnn3ccccc23)CC1
5484,CN1CC(NOc2cccc3cc(O)ccc23)C(=O)C1,6,3,0.8249906929098811,272.116092372,5,2,1.3118999999999996,3,61.800000000000004,0,0,0.6911764705882353,O=C1NCc2ccc(OCCCCN3CCN(c4cccc5c4OCCC5)CC3)cc21
5491,N=CNNc1cccc(-c2cccc(Cl)c2Cl)c1Cl,6,2,0.42956080658902734,312.99403036,2,3,4.837370000000001,4,47.910000000000004,0,0,0.7142857142857143,CN1CCN(C2=Nc3cc(Cl)ccc3Nc3ccccc32)CC1
5521,CC(CCc1cccc(Cl)c1)OCC1CC(OO)C(O)C1,6,2,0.5986203683065227,314.128486896,4,2,3.306800000000001,7,58.92,0,0,0.7083333333333334,Cc1ccc2c(OCCN3CCN(Cc4cccc5cccnc45)CC3)cccc2n1
5523,CCOc1c(O)ccn(C(=O)OOc2ccccc2F)c(O)c1OO,7,2,0.5446110813487284,355.07034462799993,8,3,3.108200000000001,5,117.92000000000002,0,0,0.6984126984126984,Cc1nc2n(c(=O)c1CCN1CCC(c3noc4cc(F)ccc34)CC1)CCCC2
5551,Clc1cccc(CCCCl)c1,6,1,0.6378965721535056,188.01595568,0,0,3.511400000000002,3,0.0,0,0,0.625,O=C1NCN(c2ccccc2)C12CCN(CCCOc1ccc(F)cc1)CC2
5588,Cc1c(O)cccc1OCc1cccc(C2CC2)c1,6,3,0.8874478843970663,254.130679816,2,1,4.157020000000002,4,29.46,0,0,0.574468085106383,O=Cc1cnn2cc(OCCCCN3CCN(c4cccc(Cl)c4Cl)CC3)ccc12
5616,COC(CO)n1cc(CCc2ccccc2)cc(O)1,6,2,0.8371076571692228,261.136493468,4,2,2.1162000000000005,6,54.620000000000005,0,0,0.6511627906976745,O=C1c2ccccc2CCCN1CCCCN1CCN(c2ccccn2)CC1
5628,CNCCCc1cc(Sc2ccc(SC)c(O)c2)cc(NC)c1,6,2,0.48550449631788617,348.133005388,5,3,4.459000000000003,8,44.29,0,0,0.7454545454545455,CN1CCN(C2=Nc3cc(Cl)ccc3Nc3ccccc32)CC1
5689,COC1c(CCc2ccccc2)ccc1OC,6,2,0.773480691912892,230.130679816,2,0,3.1045000000000016,5,18.46,0,0,0.6410256410256411,O=C1c2ccccc2CCCN1CCCCN1CCN(c2ccccn2)CC1
5697,CNc1cccc(Nc2cc(NS(C)(=O)=O)ccc2Cl)n1,6,2,0.7865870898622352,326.06042440000004,5,3,2.891800000000001,5,83.11999999999999,0,0,0.65,COCCC(=O)NC1CCC(CCN2CCC(c3coc4ccccc34)CC2)CC1
5724,Oc1c(Cc2ccccc2)cccc1Oc1ccncc1,6,3,0.7778798466061583,277.11027872000005,3,1,4.170300000000003,4,42.35,0,0,0.6041666666666666,Cc1ncoc1-c1nnc(SCCCN2CCc3cc4nc(C5CC5)oc4cc3CC2)n1C
5729,C[n+]1cc2ccsc2c2c1CCO2,6,3,0.5785384287654001,192.04776136009,2,0,1.6606999999999996,0,13.11,0,0,0.76,O=C1CCc2c(cccc2N2CCN(CCCc3c[nH]c4ccccc34)CC2)N1
5783,CC(C)CCOc1ccc(C2CSc3cc4ccccc4cc3C2=S)cc1,6,4,0.43837240529538646,392.12685738799996,3,0,6.8722000000000065,5,9.23,0,0,0.6764705882352942,O=C(CCCCCN1CCN(c2ccccc2-c2ccccc2)CC1)NC1CCCc2ccccc21
5816,Cc1ccc(C2(C(=O)OO)C(=O)Nc3ccc(C(F)(F)F)cc32)cc1,6,3,0.49468058618252164,351.071842524,4,2,3.2682200000000012,2,75.63,0,0,0.691358024691358,CCCn1ncc2c1-c1c(C)sc(C)c1CCC2
5860,Cc1c(OC)cccc1NC(NO)N,6,1,0.42049930087839493,197.11642672,5,4,0.63662,4,79.53999999999999,0,0,0.6956521739130435,O=C(NCC=CCN1CCN(c2cccc(Cl)c2Cl)CC1)c1cccc(F)c1
5866,CNC(=O)c1cnc(OCc2ccc(OC)c(OC)c2)c(N)c1,6,2,0.8403118013863535,317.13755608800005,6,2,1.6196,6,95.7,0,0,0.6666666666666666,COc1cc(COCCOCCOCCOCCOCc2ccc(N3CCN(CCCCNC(=O)c4ccccc4)CC3)c(OC)c2)ccc1N1CCN(CCCCNC(=O)c2ccccc2)CC1
5889,CCn1cc(Nc2ccc(OC)c(OC)c2)ccc1=O,6,2,0.9103048166294582,274.131742436,5,1,2.6290000000000004,5,52.49,0,0,0.6808510638297872,C=CCN1CCC2c3cccc(O)c3CCC21
5892,NC(=O)COc1cc(OC(=O)O)cc(O)c1,6,1,0.502761761069828,227.042987008,5,3,0.3131,4,119.08000000000001,0,0,0.7291666666666666,O=C1Nc2ccccc2CC1N1CCN(Cc2ccc(Cl)cc2)CC1
5913,COc1cc(CCc2cccc(C(=N)O)c2)nc(Cl)c1,6,2,0.5036555419025367,290.0822054,3,2,3.4121700000000015,5,66.2,0,0,0.6607142857142857,COc1cccc(CCc2ccccc2OCc2ccccc2)c1
5925,Cc1c(O)ccc2ccccc12,6,2,0.6246500939747888,158.07316494,1,1,2.8538200000000007,0,20.23,0,0,0.7073170731707317,COc1cc(CN2CCN(c3ccccc3OC)CC2)ccc1OCc1cn(CCOCCOCCOCCOCCOCCNC(=O)COc2cncc(C#Cc3csc(C)n3)c2)nn1
5934,CNCC(O)Oc1cc(OC)cc(OC)c1,6,1,0.6976174341456707,227.115758024,5,2,0.6203999999999992,6,59.95,0,0,0.6578947368421053,CN1CCN(C2=Nc3cc(Cl)ccc3Nc3ccccc32)CC1
5994,CC1(CNc2cc(OCc3ccccc3F)nc(Cl)n2)C(O)C1,6,3,0.7930315988072741,337.09933268400005,5,2,3.0309000000000017,6,67.27,0,0,0.7125,O=C(c1ccc(F)c(Cl)c1)N1CCC(F)(CNCCOc2ccccn2)CC1
6052,OC(=O)CNc1cc(C2CCCCC2)ccc1C,6,2,0.8552116748455453,247.157228912,2,2,3.539220000000003,4,49.33,0,0,0.6212121212121212,O=C(NCC=CCN1CCN(c2cccc(Cl)c2Cl)CC1)c1cc2ccccc2s1
6078,NS(=O)(=O)c1ccc(NCCC2cccncc2)cc1,7,2,0.8686795320648393,291.104147784,4,2,1.9065000000000003,5,84.55,0,0,0.703125,COc1ccccc1N1CCN(CCCCc2cn(-c3cccc4cnccc34)nn2)CC1
6080,CN(C)CCc1ccccc1OCc1cccc(Br)c1,6,2,0.7874855737026731,333.07282636,2,0,4.132200000000004,6,12.47,0,0,0.4782608695652174,CCC(C)(C)C(=O)NCCCCN1CCN(c2ccc(Cl)cc2)CC1
6112,O=C(Oc1cnncc1)c1cccc(-c2cnc(C3CCCC3)cc2)c1,6,4,0.6551564793652163,345.147726848,5,0,4.4154000000000035,4,64.97,0,0,0.6615384615384615,N#CCC(=O)NC1CCC(CCN2CCC(c3coc4ccccc34)CC2)CC1
6131,NCCNc1ccnc(Nc2cccc(NC3CCCC3)c2)c1,6,3,0.6290469699214581,311.2109958,5,4,3.550300000000002,7,75.0,0,0,0.703125,O=C1c2cc(Cl)c(Cl)cc2CC1CCN1CCN(c2ccccn2)CC1
6134,O=CCOCn1nc(-c2ccccc2)cc(O)nn1,7,2,0.643711612211241,260.090940244,7,1,1.6459000000000001,5,86.85,0,0,0.7121212121212122,CN(C)Cc1cccc2nc(C(=O)NCCCCN3CCN(c4cc(C(F)(F)F)nc(C(C)(C)C)n4)CC3)cn12
6243,Cc1c(OOc2ccccc2)cc(OCc2ccccc2)cc1,6,3,0.476335995916132,306.125594436,3,0,4.946820000000003,6,27.69,0,0,0.574468085106383,COc1cccc(CCc2ccccc2OCc2ccccc2)c1
6364,C#CC1ccc(CN2CCCC2C(=O)c2ccc3ccccc3n2)c1,6,4,0.6346562976702463,328.15756326,3,0,3.627500000000003,4,33.2,0,0,0.6417910447761194,COc1ccccc1N1CCN(CCCCN2CCc3cc(C#N)ccc3C2=O)CC1
6367,OCc1cc(Sc2ccccc2I)cc(O)c1,6,2,0.8235222327779009,357.952448592,3,2,3.6403000000000008,3,40.46,0,0,0.74,CCCNC1CCc2c(OC)cccc2C1C
6374,O=C(O)c1nc(SCc2ccccc2O)sc1,6,2,0.8334730612935581,267.00238514800003,5,2,2.839200000000001,4,70.42,0,0,0.6530612244897959,COc1ccc2c3c(c(=O)oc2c1)CN(Cc1ccc(Cl)cc1)CC3
6375,Cc1cc(O)nc(SSc2ncc[nH]2)n1,6,2,0.6311882996721161,240.013952876,6,2,2.01312,3,74.69,0,0,0.8055555555555556,Cc1cn(CCCCN2CCN(c3cc(C(F)(F)F)nc(C(C)(C)C)n3)CC2)c(=O)[nH]c1=O
6412,CC(C)C(=O)c1ccccc1Oc1ccccc1,6,2,0.7438970911418608,240.115029752,2,0,4.317600000000003,4,26.3,0,0,0.6363636363636364,CC(C)(C)c1nc(N2CCN(CCCCNC(=O)c3cn4ccccc4n3)CC2)cc(C(F)(F)F)n1
6450,CCc1c(C)c(C(=O)COCc2ccc(OC)cc2)nn1CC,6,2,0.7019351159153242,316.178692628,5,0,3.1819200000000016,8,53.35,0,0,0.6909090909090909,O=C(NCC=CCN1CCN(c2cccc(Cl)c2Cl)CC1)c1ccc(-c2cccnc2)cc1
6479,CCn1c(C)ncc1Nc1cc(OC)cc(OC)c1,6,2,0.8985578118577264,261.147726848,5,1,2.972220000000001,5,48.31,0,0,0.71875,COc1ccccc1N1CCN(Cc2cnc3cc(C)nc(C)n23)CC1
6536,Cc1ccc(Nc2ccc(Br)cc2Br)cc1,6,2,0.7853924477573943,338.92582355200005,1,1,5.263620000000002,2,12.03,0,0,0.6829268292682927,COc1ccccc1N1CCN(Cc2c(C)nc3cc(C)ncn23)CC1
6546,COc1cc(NCc2cccc(OC)c2)cc(O)c1,6,2,0.8662454559323546,259.120843404,4,2,3.0215000000000014,5,50.72,0,0,0.574468085106383,CCC(C)(C)C(=O)NCCCCN1CCN(c2ccc(Cl)cc2)CC1
6561,O=C(O)COc1ccc2cc(O)cc(O)c2c1,6,2,0.7521372550337371,234.05282341999998,4,3,1.7144,3,86.99000000000001,0,0,0.711864406779661,COc1ccccc1N1CCN(CCCCNC(=O)c2cc3ccccc3o2)CC1
6585,O=c1oc2ccccc2nc1Oc1ccc2c(c1)OCO2,6,4,0.7197824731986828,283.048072388,6,0,2.7090000000000005,2,70.79,0,0,0.7076923076923077,CN1C(=O)C(N2CCN(Cc3ccc(Cl)cc3)CC2)CCc2ccccc21
6590,NN1C(NC(=O)Cc2cccc(O)c2)Cc2ccccc21,6,3,0.7422274214704755,283.132076784,4,3,1.3133999999999997,3,78.59,0,0,0.6071428571428571,CN1CCN(C2=Nc3cc(Cl)ccc3N(NC(=O)c3ccc4ccccc4c3)c3ccccc32)CC1
6629,CNc1cc(CCc2cccc(C(=O))c2)cc(C)c1,6,2,0.8242938171042127,253.146664228,2,1,3.634420000000002,5,29.1,0,0,0.7142857142857143,O=C(c1ccc(F)c(Cl)c1)N1CCC(F)(CNCCOc2ncccn2)CC1
6662,O=C(CCc1ccccc1)c1ccc(Oc2cccc(O)c2)cc1,6,3,0.650551379155295,318.125594436,3,1,5.000000000000004,6,46.53,0,0,0.5833333333333334,O=C1Nc2ccccc2CC1N1CCN(Cc2ccc(Cl)cc2)CC1
6678,CC(C)NCc1ccc2c(c1)CC1Nc3ccccc3cc1CN2,7,4,0.7992065145341262,319.20484780000004,3,3,4.030300000000002,3,36.089999999999996,0,0,0.684931506849315,O=C(CCCN1CCC(O)(c2ccc(Cl)cc2)CC1)c1ccc(F)c(F)c1
6695,CC(=O)Nc1nc(OC)cc(OC)c1,6,1,0.78470355182249,196.084792244,4,1,1.0571999999999997,3,60.45,0,0,0.6833333333333333,O=C(NC1CCC(CCN2CCC(c3coc4ccccc34)CC2)CC1)c1ccc(-c2ccccc2)cc1
6789,O=C(O)CCc1cccc(C2CCOCCC2)c1,7,2,0.8906218135207996,248.1412445,2,1,2.9879000000000016,4,46.53,0,0,0.5625,Oc1cccc(C2CCN(Cc3ccccc3)CC2)c1
6794,CC(C)Oc1cc(CC2CCCC2)cc(CO)c1,6,2,0.8606312617516446,248.177630008,2,1,3.698800000000003,5,29.46,0,0,0.7272727272727273,COc1cccc(CCc2ccccc2OCCCCN2CCN(c3ccc(F)cc3)CC2)c1
6820,O=C1cc2ccccc2c1CC(C)c1cccc(I)c1,6,3,0.755469330909024,374.0167631,1,0,2.9989000000000017,3,17.07,0,0,0.7428571428571429,COc1c(O)ccc2c1CN1CCc3cc4c(cc3C1C2)OCO4
6849,CS(=O)(=O)Cc1cc(OC(C)C)cc(-c2ccc3ccccc3c2)c1,6,3,0.6584220900986097,354.128965564,3,0,4.838600000000004,5,43.370000000000005,0,0,0.7027027027027027,COc1ccccc1N1CCN(CCCCNC(=O)C=Cc2ccc(C(F)(F)F)cc2)CC1
6870,C=CC(=O)n1CC(COc2ccccc2)nc1-c1ccccc1,6,3,0.7971136702327798,306.136827816,3,0,2.9090000000000016,5,41.900000000000006,0,0,0.6551724137931034,CC1Cc2ccccc2N1C(=O)CN1CCN(Cc2cc(F)cc(F)c2)CC1
6872,CNCC(Oc1ccc(OC)c(OC)c1)C1CC(O)C1O,6,2,0.6764041120384932,297.157622836,6,3,0.4122999999999993,7,80.18,0,0,0.6862745098039216,C=CCN1CCC2c3cccc(O)c3CCC21
6898,COc1nc(OC(=O)c2ccc(O)c(OC)c2)nc(OC)c1,6,2,0.8279491371612403,306.085186168,8,1,1.4271999999999998,5,100.00000000000001,0,0,0.6129032258064516,O=C1CCc2ccc(OCCCCN3CCN(c4cccc(Cl)c4Cl)CC3)nc2N1
6943,COc1c(OC(=O)c2ccc(O)cc2)cccc1OCc1ccc(O)c(OC)c1,6,3,0.4617596499233427,396.12090298,7,2,3.9132000000000025,7,94.45000000000002,0,0,0.5357142857142857,COc1cc(CCNCC(O)c2ccc(O)c3c2OCC(=O)N3)ccc1OCCCc1ccccc1
6960,Nc1ccnc(NC(=O)N2CCN(C)CC2)c1,6,2,0.7405350831250871,235.14331016399998,4,2,0.4430999999999996,1,74.48999999999998,0,0,0.5689655172413793,COc1cccc(OC)c1CC(=O)N1CCC(C)c2cccc(CCN3CCN(c4nsc5ccccc45)CC3)c21
6965,CC(=O)Nc1cc2cc(NCCc3ccc(OC(N)O)cc3)ccc2nc1,6,3,0.4783460475922818,366.169190564,6,4,2.4612,7,109.5,0,0,0.6538461538461539,CCC(=O)Nc1ccc(OCCCN2CCC(c3noc4cc(F)ccc34)CC2)cc1
6967,Cc1cc2ccc(Br)cc2nc1NCCC1CCC(C)CC1,6,3,0.72958170862714,360.1201109,2,1,5.934020000000005,4,24.92,0,0,0.7317073170731707,COc1ccccc1N1CCN(CCCCNC(=O)c2cc3ccccn3n2)CC1
6971,COC(Oc1ccccc1)Cc1nc(OC)c(OC)c(OC)c1,6,2,0.6973352846573491,319.141972772,6,0,2.7014000000000005,8,59.040000000000006,0,0,0.696969696969697,CN1CCN(C2=Nc3cc(Cl)ccc3Nc3ccccc32)CC1
6986,COCC1CN(c2ccc(Cl)cc2)CC(CC(C)(C)C)C1,6,2,0.7868402677864479,309.185942196,2,0,4.865100000000005,4,12.47,0,0,0.6415094339622641,O=C1N(CCN2CCC(C(F)(F)F)CC2)CCN1c1cccc(OC(F)(F)F)c1
7004,Cc1c(Br)cccc1NCc1cccc(-c2cc3ccsc3o2)c1,6,4,0.4069588084853355,397.013597232,3,1,6.844320000000003,4,25.17,0,0,0.7066666666666667,CNC1Cc2cccc3c2n(c(=O)n3CCCCOc2ccc3c(c2)NC(=O)CC3)C1
7012,C=Cc1cc2c(-c3cccc(COO)c3)nccc2o1,6,3,0.5701477719562672,267.08954327600003,4,1,4.127400000000002,4,55.49,0,0,0.6923076923076923,CCN1CCc2c([nH]c3ccccc23)Cc2ccccc2C1
7056,CC(=O)c1cc(CCc2cccc(Cl)c2Cl)[nH]n1,6,2,0.8693848178020958,282.032668364,2,1,3.7043000000000026,4,45.75,0,0,0.6825396825396826,O=C1CCc2ccc(OCCCCNCC3CC3c3cccc4c3OCCO4)cc2N1
7258,Cc1cc(Cl)c(C#N)cc1Sc1ccccc1S(N)=N,6,2,0.8854368377542288,321.016117064,3,2,4.284570000000002,3,73.66,0,0,0.7681159420289855,c1ccc(CN2CCN(c3ccccc3)CC2)cc1
7274,CC(C)OCc1cc(NC2CCC(Oc3ccc(O)cc3)CC2)ccc1-c1ccc(O)cc1,6,4,0.36801265321449017,447.240958536,5,3,6.491900000000007,8,70.95,0,0,0.6956521739130435,CC(=O)NC1CCC(CCN2CCc3ccc(C#N)cc3C2)CC1
7284,NCCOc1cc2cc(OCC3CC3)c(O)c(O)c2cc(O)C1,7,3,0.600486344843658,319.141972772,6,4,2.5054,6,105.17000000000002,0,0,0.726027397260274,Cc1nc(C(=O)O)ccc1-c1nnc(SCCCN2CCC3(CC3c3ccc(C(F)(F)F)cc3)C2)n1C
7295,C=C(C(=O)O)c1ccccc1,6,1,0.6489204335813591,148.052429496,1,1,1.7844,2,37.3,0,0,0.7142857142857143,CCOC(=O)C(CBr)c1ccccc1
7309,Cc1cc(O)cc(OCc2ccccc2)c1,6,2,0.8491696236429526,214.099379688,2,1,3.2796200000000013,3,29.46,0,0,0.6136363636363636,O=C1Nc2ccccc2CC1N1CCN(Cc2ccc(Cl)cc2)CC1
7316,NCC(O)Cc1cc2cc(O)cc(O)c2CC1,6,2,0.6324106395503775,235.120843404,4,4,1.1370999999999998,3,86.71000000000001,0,0,0.7045454545454546,COc1cc2c(cc1O)C1Cc3ccc(OC)c(OC)c3CN1CC2
7369,C=CC(=O)NCc1c(SCC)c(OC)cc(OC)c1,6,1,0.6163038731095333,281.108564468,4,1,2.618000000000001,7,47.56,0,0,0.6811594202898551,COc1cccc(N2CCN(CCNC(=O)c3cc(Br)c4ccccc4c3OC)CC2)c1
7428,NP(=O)c1ccccc1NCc1cc2cc(O)cc(O)cc2c1,7,3,0.5524372380628414,328.097679034,4,4,2.8734,4,95.58000000000001,0,0,0.7121212121212122,O=S(=O)(c1ccccc1)n1ccc2c(N3CCN(CCCCOc4ccc(F)cc4)CC3)cccc21
7430,CC(=O)c1cc(NCCc2ccnc3ccc(C)cc23)ncc1CCCCCC,6,3,0.3454082066647039,389.246712612,4,1,5.918220000000005,10,54.88,0,0,0.7105263157894737,CN1CCN(C2Cc3ccccc3Sc3ccc(CNC(=O)C(C)(C)C)cc32)CC1
7438,C[n+]1cc2c(c(Nc3ccccc3)n1)CC(C)(C)C2,6,3,0.8348744728024156,254.16517406008998,2,1,2.7745000000000006,2,28.8,0,0,0.7407407407407407,CCCN(CCC)C1COc2c(O)cccc2C1
7464,COC(=O)CCCc1cc(OCc2ccccc2F)nc(O)n1,6,2,0.7889762100939811,320.117235244,6,1,2.3960000000000012,7,81.54,0,0,0.7123287671232876,COc1ccc(-c2ccccc2N2CCN(CCCCCC(=O)NC(C)c3ccc(C#N)cc3)CC2)cc1
7467,COc1cc(C)ccc1Nc1cccc(OC)c1Cl,6,2,0.8978671574612598,277.08695643199997,3,1,4.409220000000003,4,30.49,0,0,0.6739130434782609,O=C(NCC=CCN1CCN(c2cccc(Cl)c2Cl)CC1)c1cccc(F)c1
7480,CCc1c(OC(=O)CNc2cccc(O)c2)cc(O)c1=O,6,2,0.7177971877777174,289.09502258,6,3,2.0359999999999996,5,95.86000000000001,0,0,0.7192982456140351,O=Cc1cnn2cc(OCCCCN3CCN(c4cccc(Cl)c4Cl)CC3)ccc12
7502,COc1c(C(=O)O)cccc1c1ccccc1CC,6,2,0.9083001881401235,256.10994437200003,2,1,3.6228000000000016,4,46.53,0,0,0.6181818181818182,Cn1c(SCCCN2CC3CC3(c3ccc(C(F)(F)F)cc3)C2)nnc1-c1ccccc1
7506,CCNc1nc(COc2cccc3ccccc23)nc(C)n1,6,3,0.7817033093110284,294.148061196,5,1,3.3440200000000013,5,59.93000000000001,0,0,0.6779661016949152,CCCN1CCc2cccc3c2C1Cc1cccc(OCCCCN2CCN(c4ccccc4OC)CC2)c1-3
7513,O=Cc1N(Nc2cccc(O)c2O)ccs1O,6,2,0.36873170866310345,254.0361278,6,4,1.2822,3,93.03000000000002,0,0,0.782608695652174,Cn1c(SCCCN2CC3CCN(c4ccccc4C#N)C3C2)nnc1-c1cnccn1
7542,CC(=O)c1c(C)cccc1NC(=O)Nc1ccccc1-c1ccccc1,6,3,0.6132424100304772,344.15247788,2,2,5.508620000000004,4,58.2,0,0,0.7213114754098361,COc1ccc2c(c1)C1OCCN(CCCCNC(=O)c3cc4ccccc4[nH]3)C1CO2
7560,COCc1cc(Nc2cccc(CC)c2)ccc1,6,2,0.8491039869179479,241.146664228,2,1,4.139000000000003,5,21.259999999999998,0,0,0.6851851851851852,c1ccc(-c2nc(CN3CCN(c4ccccc4)CC3)c[nH]2)cc1
7575,CCOc1c(C)nc(OCc2ccccc2)c(OC)c1OC,6,2,0.784499492387723,303.147058152,5,0,3.384920000000002,7,49.81,0,0,0.6666666666666666,COc1cccc(CCc2ccccc2OCc2ccccc2)c1
7586,CNS(=O)(=O)c1ccc(OCc2ccccc2OC)nc1,6,2,0.876362880814776,308.083077992,5,1,1.5773,6,77.52000000000001,0,0,0.6666666666666666,Cc1ccccc1-c1cc2c(=O)n(CCN3CCN(c4ccccc4Cl)CC3)c(=O)[nH]c2[nH]1
7604,CN=C(C)Nc1ccccc1Nc1ccc(OC)c(OC)c1,6,2,0.649049725640868,299.163376912,4,2,3.9075000000000024,5,54.88000000000001,0,0,0.6984126984126984,COc1ccc(-c2ccccc2N2CCN(CCCCCC(=O)NC(C)c3ccc(C#N)cc3)CC2)cc1
7608,CCC(CC)Cc1ccc(OC)c(OC)c1,6,1,0.7306190212354963,222.161979944,2,0,3.6825000000000028,6,18.46,0,0,0.5405405405405406,C=CCN1CCC2c3cccc(O)c3CCC21
7643,CC1CC(C(=O)Nc2ccncc2)c(C(=O)O)c1C(=O)O,6,2,0.7652717917022991,290.090271548,4,3,1.1419,4,116.59000000000002,0,0,0.6545454545454545,O=C1c2ccccc2S(=O)(=O)N1CCCCCCN1CCN(c2ccc(Cl)cc2)CC1
7653,CC(=O)CCc1cc2ccccc2n1CCCCCCCC,6,2,0.5291092861898711,299.224914548,2,0,5.523400000000006,10,22.0,0,0,0.6727272727272727,Cn1c(SCCCN2CC3CCN(c4ccc(C(F)(F)F)cc4)C3C2)nnc1N1CCOCC1
7685,CCC1CCN(C2CCSC2)c(=O)c2ccccc21,7,3,0.822675935985959,275.134385292,2,0,3.5316000000000027,2,20.310000000000002,0,0,0.6721311475409836,CC(C)(C)C1CCC(C(=O)NC2CCC(CCN3CCC(c4coc5ccccc45)CC3)CC2)CC1
7688,CCC(C)(C)c1nc(OC)nc(OC)c1O,6,1,0.8488497860851919,226.131742436,5,1,1.887,4,64.47000000000001,0,0,0.7627118644067796,O=C(CC1COCCO1)NC1CCC(CCN2CCC(c3cccc4occc34)CC2)CC1
7697,CC(C)CCCN1CCN(c2cccc3c2OCOO3)CCC1,7,3,0.7777764417179177,320.209992756,5,0,3.295200000000002,5,34.17,0,0,0.5571428571428572,COc1ccc(Br)cc1C1=NC(CN2CCN(c3ccccc3)CC2)C(C)O1
7728,Cn1c(C(=O)COc2ccccc2)cc2ccc(-c3ccccc3)nc21,6,4,0.5015785545632515,342.13682781600005,4,0,4.502000000000004,5,44.120000000000005,0,0,0.6909090909090909,COc1ccccc1N1CCCN(CCCCNC(=O)c2cc3ccccc3o2)CC1
7733,COC(=O)c1cccc(OC)c1O,6,1,0.6977272813011113,182.0579088,4,1,1.1873999999999998,2,55.760000000000005,0,0,0.6122448979591837,O=C(NC1CCC(CCN2CCN(c3nsc4ccccc34)CC2)CC1)N1CCOCC1
7755,CC(O)COc1cc(O)cc(O)c1,6,1,0.6511490131972053,184.073558864,4,3,0.8573999999999999,3,69.92,0,0,0.7446808510638298,CC1Cc2ccccc2N1C(=O)CN1CCN(Cc2cc(F)cc(F)c2)CC1
7774,CNCC(C)Cc1nnnc(OC)c1,6,1,0.732554167997325,196.132411132,5,1,0.2781999999999998,5,59.93000000000001,0,0,0.7358490566037735,O=C(NC1CCC(CCN2CCN(c3nsc4ccccc34)CC2)CC1)c1ccc[nH]1
7810,CNC(C)c1ccccc1Nc1ccccc1NC(C)C,6,2,0.7286229203111139,283.20484780000004,3,3,4.5309000000000035,6,36.089999999999996,0,0,0.7758620689655172,O=C1c2ccc(F)cc2C(=O)N1CCCCCN1CC=C(c2c[nH]c3ccc(F)cc23)CC1
7840,OC(=O)CCC1CC(Oc2ccc(O)cc2)CC(O)1,6,2,0.7557876725296768,266.11542367600003,4,3,1.7753,5,86.99000000000001,0,0,0.7222222222222222,CC1Cc2ccccc2N1C(=O)CN1CCN(Cc2cc(F)cc(F)c2)CC1
7847,NC(=O)c1cc(NCc2cccc(Nc3ccccn3)c2)nc(N)c1N,6,3,0.45789209277897686,349.1651082280001,7,5,2.0955999999999997,6,144.97,0,0,0.6376811594202898,OC1(c2ccc(Cl)c(C(F)(F)F)c2)CCN(CCCC(c2ccc(F)cc2)c2ccc(F)cc2)CC1
7860,CCn1cc(SOc2cccc(OC)c2)[nH]c(=O)[nH]1,6,2,0.8090104624433466,281.08341234000005,5,2,2.0707999999999998,5,62.830000000000005,0,0,0.6617647058823529,CCOc1ccccc1N1CCN(CC(O)CN2C(=O)NC(C)(c3ccc(F)cc3)C2=O)CC1
7882,COc1c(OC)ccc(OC)c1Cl,6,1,0.7533662554489677,202.039671892,3,0,2.3658,3,27.69,0,0,0.68,COc1ccc2c3c(c(=O)oc2c1OC)CN(Cc1ccccc1)CC3
7934,Cc1cc(Cl)cc(Cl)c1Cl,6,1,0.5499135556928463,193.9456832,0,0,3.9552200000000006,0,0.0,0,0,0.75,CC1(c2cccc(O)c2)C(=O)Nc2cc(Cl)cc(Cl)c2C1=O
7947,COCCCCC1C(=O)c2ccc3occc3c2C1=O,6,3,0.6190058700596407,272.104858992,4,0,3.2447000000000026,5,56.51,0,0,0.6891891891891891,CCCC(=O)NC1CCC(CCN2CCN(c3nccc4c3CCO4)CC2)CC1
7990,O=C(O)c1cccc(Nc2ccc(O)c(OC)c2)c1,6,2,0.7356816337667165,259.084457896,4,3,2.8426,4,78.79,0,0,0.6415094339622641,COc1cc(CCNCC(O)c2ccc(O)c3c2OCC(=O)N3)ccc1OCCCc1ccccc1
8032,COc1cc(OOc2cc(O)cc(OC)c2)nc(O)n1,6,2,0.6232288139022639,280.069536104,8,2,1.2778,5,103.16000000000001,0,0,0.7391304347826086,Cc1cc(-c2ccc3c(c2)CCN(CCCSc2nnc(C(F)(F)F)n2C)CC3)no1
8042,CC(C)NCc1ccccc1NC(=O)Nc1cc(O)cc(O)c1,6,2,0.5853474133307297,315.15829153199996,4,5,3.2398000000000007,5,93.62,0,0,0.7,COc1cc2c(cc1O)C1Cc3c(CO)c(OC)cc(OC)c3CN1CC2
8062,NC(CO)C1CC(Oc2cccc3ccccc23)CC1,6,3,0.8986407952858861,271.157228912,3,2,2.7069,4,55.480000000000004,0,0,0.6206896551724138,CCc1nc2c(N3CCNCC3)ccnc2n1Cc1cccc(F)c1
8124,CNc1nc(OCc2cc(OC)c(OC)c(OC)c2)nc(O)c1O,6,2,0.6914816180501011,337.127385328,9,3,1.5342999999999996,7,115.19000000000003,0,0,0.7205882352941176,O=C(NCCN1CCN(c2ccc(Br)cc2)CC1)NN(Cc1ccccc1)c1ccccc1
8152,CCC(=O)c1ccc(OC)c(C)c(OC)1,6,1,0.7133384137846901,208.109944372,3,0,2.604920000000001,4,35.53,0,0,0.6538461538461539,CCCN(CCCCNC(=O)N=Nc1ccc(F)c(F)c1)C1Cc2ccccc2C1
8156,Cc1cc(Br)nc(NCc2cccc(NC(=O)O)c2)c(O)1,6,2,0.6314756582393791,351.0218534079999,4,4,3.560120000000001,4,94.48,0,0,0.6349206349206349,c1ccc(-c2nc(CN3CCN(c4ccccc4)CC3)c[nH]2)cc1
8173,CC(Sc1ccccc1)N(C)c1ccccc1,6,2,0.5828022657360267,243.108170544,2,0,4.261100000000003,4,3.24,0,0,0.7209302325581395,CN(C)C(=O)C(CCNCCC(O)CN1CCN(c2cccc(Cl)c2Cl)CC1)(c1ccccc1)c1ccccc1
8189,CC(O)(Cc1ccccc1O)c1ccc(O)c(O)c1,6,2,0.6380218194809161,260.104858992,4,4,2.2536000000000005,3,80.92,0,0,0.6904761904761905,CN1CCN(C2=Nc3cc(Cl)ccc3Nc3ccccc32)CC1
8203,O=C1Oc(CCc2cc(O)ccc2)ncn1,6,2,0.828499807764233,218.06914218,5,1,0.9205999999999999,3,76.22,0,0,0.5263157894736842,O=C1NCN(c2ccccc2)C12CCN(CCCOc1ccc(F)cc1)CC2
8206,CNC(=O)Cc1ccccc1OCc1cc(O)ccc1C(=O)O,6,2,0.7570735848267591,315.110672644,4,3,1.9578999999999998,6,95.86,0,0,0.6607142857142857,COc1ccccc1N1CCN(CCCC(=O)Nc2ccn3nccc3c2)CC1
8226,COCc1cccc(CCc2cc(C(=O)O)cc(OO)c2)c1,6,2,0.6066552261619736,302.115423676,4,2,3.1682000000000006,7,75.99000000000001,0,0,0.6415094339622641,CCC(C)(C)C(=O)NCCCCN1CCN(c2ccc(Cl)cc2)CC1
8328,OC(=O)C1Cc2ccccc2CC1C,6,2,0.7361092930976584,190.099379688,1,1,2.1221,1,37.3,0,0,0.6730769230769231,O=Cc1cnn2ccc(NC(=O)CCCN3CCN(c4cccc(Cl)c4Cl)CC3)cc12
8407,CNC1CCN(c2ncccc2NC(C)=O)CC1,6,2,0.8444281495135426,248.16371125999999,4,2,1.2281999999999993,3,57.26,0,0,0.5967741935483871,CCc1cc(Cl)c(OC)c(C(=O)NCC2CCCN2CCCCNCCC(C(=O)N(C)C)(c2ccccc2)c2ccccc2)c1O
8413,Cc1c(OCc2ccc(F)c(F)c2)ncc(C)c1,6,2,0.8294071125035507,249.096520476,2,0,3.555640000000002,3,22.12,0,0,0.7192982456140351,O=S(=O)(NCCCCN1CCN(c2cccc(Cl)c2Cl)CC1)c1cnc2ccccc2c1
8478,Brc1CC(Nc2ccccn2)CC(C)C1,6,2,0.8317099058942714,268.057510644,2,1,3.4456000000000024,2,24.92,0,0,0.6666666666666666,CCCN(CCNC(=O)N=Nc1cc(F)c(F)c(F)c1)C1Cc2ccccc2C1
8485,CCOc1c(NC)cc(NC(=O)c2ccccc2C(=O)O)cc1C(=O)O,6,2,0.599537303358282,358.11648629599995,5,4,2.7756999999999996,7,124.96000000000002,0,0,0.640625,CN1CCN(c2nc(N)nc(CCCOc3cc(Cl)ccc3Cl)n2)CC1
8541,NC(=O)c1cc(COc2ccc3c(c2)OCO3)oc1Cl,6,3,0.9356284963411303,295.0247501,5,1,2.3396,4,83.92000000000002,0,0,0.7012987012987013,Cc1nc2c(OCCNCc3ccccc3)cccc2[nH]1
8553,COc1c(OO)cc(OCc2ccccc2OC)n1C,6,2,0.6498581940157702,279.11067264400003,6,1,2.4731000000000005,6,62.080000000000005,0,0,0.6440677966101694,COc1ccccc1CCCN1CCN(Cc2cc3ccccc3o2)CC1
8554,CC(=O)OCC1CC(Nc2nc(N)nc(N)n2)C1,6,2,0.6275218426792198,252.133473752,8,3,-0.21039999999999942,4,129.04,0,0,0.7538461538461538,Cc1cccc2c1CCN2C(=O)CN1CCN(Cc2ccc(Cl)cc2)CC1
8631,NCCC1CS(=O)(=O)N1,4,1,0.5102326653314974,150.04629856,3,2,-1.363199999999999,2,72.19,0,0,0.782608695652174,COc1cc2c(cc1O)C1Cc3sc(CC(C)C)cc3CN1CC2
8660,C=CCn1c(SCc2ccnc3ccccc23)ncn1,6,3,0.5317525983202971,282.093917448,5,0,3.3046000000000015,5,43.6,0,0,0.7246376811594203,CC1Cc2ccccc2N1C(=O)CN1CCN(Cc2ccc(Cl)cc2)CC1
8665,Cc1cc(N)ccc1NCc1ccccc1CC,6,2,0.7986575887854476,240.16264864,2,2,3.7517200000000024,4,38.05,0,0,0.7142857142857143,COc1ccccc1N1CCN(CCCCNC(=O)c2ccc(COCCOCCOCCOCCOCCOCCOCCOCCOCc3ccc(C(=O)NCCCCN4CCN(c5ccccc5OC)CC4)cc3)cc2)CC1
8667,COC(=O)c1ccccc1SSc1nc2cc(OC(=O)O)c(OC)cc2[nH]1,6,3,0.3530427931237072,406.02932816799995,8,2,4.214300000000002,6,110.74000000000001,0,0,0.6571428571428571,CC(O)C1NC(=O)C(CCCCN)NC(=O)C(Cc2c[nH]c3ccccc23)NC(=O)C(Cc2ccccc2)NC(=O)C(Cc2ccccc2)NC(=O)C(CCCNC(=N)N)NC(=O)C(NCC(CCCCNC(=O)CSCC2CC3c4cccc5[nH]cc(c45)CC3N(C)C2)NC(=O)CSCC2CC3c4cccc5[nH]cc(c45)CC3N(C)C2)CCCCNC(=O)C(Cc2ccc(F)cc2)NC1=O
8690,O=C(O)c1cc(CCc2ccccc2)nc(O)n1,6,2,0.8541990863088055,244.084792244,4,2,1.6655999999999997,4,83.31,0,0,0.65625,CNC(=O)c1cccc(-c2ccc(C(=O)NCCCCN3CCc4ccc(OS(=O)(=O)C(F)(F)F)cc4C3)cc2)c1
8691,CC(Cc1cc2ccccc2[nH]1)C(=O)C=CC1CC1,6,3,0.8057782684755447,253.146664228,1,1,3.881800000000003,5,32.86,0,0,0.5961538461538461,COc1ccccc1N1CCCN(CCCCNC(=O)c2cc3ccccc3o2)CC1
8761,Nc1nc(Nc2cccc(Nc3cccc(C#N)c3)c2)cc(N)n1,6,3,0.5823795845936733,317.13889348000004,7,4,2.99988,4,125.66999999999999,0,0,0.7058823529411765,N#Cc1cccc(C2CCCNC2)c1
8795,CC(=O)Cc1cc(OCc2cccc(O)c2)nc(O)n1,6,2,0.8598806379634557,274.095356928,6,2,1.5982999999999998,5,92.54,0,0,0.6666666666666666,O=C1NCN(c2ccccc2)C12CCN(CCCOc1ccc(F)cc1)CC2
8799,Cc1cc(C)c(Oc2cccc(OCc3ccccc3)c2)cc1C,6,3,0.5755934396238792,318.161979944,2,0,5.983160000000005,5,18.46,0,0,0.5833333333333334,COc1cccc(CCc2ccccc2OCc2ccccc2)c1
8800,COCCCc1c(OC)ncc(OC)c1OC,6,1,0.6797797608562351,241.131408088,5,0,1.6864000000000001,7,49.81,0,0,0.7241379310344828,O=C1CCc2ccc(OCCCCN3CCN(c4ccccc4Cl)CC3)cc2N1
8837,Cn1cncc1-c1cccc(NCc2ccccc2)c1-c1ccsc1,6,4,0.5226932072949888,345.12996860800007,4,1,5.427700000000003,5,29.85,0,0,0.6885245901639344,Cn1cncc1-c1c[nH]c2ccc(F)c(F)c12
8911,Cc1cc(N)n(Cc2ccccc2OCc2ccc(OC)c(O)c2)n1,6,3,0.7208970076276062,339.158291532,6,2,3.1152200000000017,6,82.53,0,0,0.6271186440677966,CCC(C)(C)C(=O)NCCCCN1CCN(c2ccc(Cl)cc2)CC1
8930,O=C(Nc1ccccc1)c1cccc(OCCc2ccccc2)c(=O)c1C,7,3,0.7165296114829345,359.152143532,3,1,4.229020000000003,6,55.4,0,0,0.6296296296296297,O=C1NCc2ccc(OCCCN3CCN(c4cccc5ccccc45)CC3)c(F)c21
8932,O=C(O)COc1ccccc1CC,6,1,0.7668173670595781,180.07864424399997,2,1,1.7124,4,46.53,0,0,0.5853658536585366,Cc1ccc(CN2CCC(CC(=O)N3c4ccccc4CC3C)CC2)cc1
8959,OC1CCC(Oc2cccc(OC)c2)C(O)C1O,6,2,0.7236519287086738,254.115423676,5,3,0.3190999999999998,3,79.15,0,0,0.6458333333333334,O=C(CC1CCCO1)NC1CCC(CCN2CCC(c3cccc4c3OCO4)CC2)CC1
9050,CC(C)COc1ccc(NC(=O)Nc2ccc(O)cc2)cc1,6,2,0.7288658167704247,300.1473925,3,3,4.071000000000002,5,70.59,0,0,0.6521739130434783,Cc1cc(OCCCN2CCC(c3noc4cc(F)ccc34)CC2)ccc1CN1CCCC1
9054,C[n+]1c(O)ccc(OC)c1OC,6,1,0.6461183079696744,170.08116966409,3,1,0.23389999999999977,2,42.57000000000001,0,0,0.7435897435897436,COc1ccccc1N1CCN(CCCCCNC(=O)c2cc3ccccn3n2)CC1
9114,N=C(O)c1ccc(Oc2ccc(O)cc2)cc1,6,2,0.5589849045795557,229.073893212,3,3,3.067870000000001,3,73.54,0,0,0.6206896551724138,CCCN(CCCCNC(=O)c1ccc(-c2ccccc2)cc1)C1CCc2nc(N(C)C)ncc2C1
9163,C=C(C)Cc1cc2ccc(OC)cc2n(=O)c1CC,6,2,0.47897649999129893,257.141578848,2,0,3.1628000000000016,4,36.17,0,0,0.6666666666666666,CC(C)Oc1ccccc1N1CCN(C2CCC(NC(=O)Nc3c(Cl)cccc3Cl)CC2)CC1
9249,CCC(CO)Oc1ccc(OC(C)CO)c(C(=O)O)c1,6,1,0.6654862568286887,284.12598836,5,3,1.2941,8,96.22000000000001,0,0,0.72,CCOC(=O)C(CBr)c1ccccc1
9345,OC1CC(O)Oc1Oc1cccc(O)c1,6,2,0.6521184487597417,212.068473484,5,3,0.19669999999999987,2,79.15,0,0,0.6875,O=C1Nc2ccccc2CC1N1CCN(Cc2ccc(Cl)cc2)CC1
9371,Cc1cccc(NNc2ccc3cc(N4CCN(C)CC4)cc3cc2)c1,7,4,0.6900630137101653,346.215746832,4,2,4.290620000000004,4,30.54,0,0,0.5892857142857143,C#Cc1cccc2c(CN3CCN(c4ccc(Cl)cc4)CC3)cnn12
9398,CN1CC(Nc2ccc(Nc3ccccc3)cc2C)CC1,6,3,0.8909654390713971,281.18919773600004,3,2,3.8546200000000024,4,27.299999999999997,0,0,0.6607142857142857,Cn1c(=O)c2c(nc3n(CCCCN4CCN(c5ccc(Cl)cc5)CC4)c(=O)ccn23)n(C)c1=O
9411,CC(C)Cc1cc2ccccc2cc1CC1CC(O)C1,6,3,0.8736231229162041,268.182715388,1,1,4.351700000000004,4,20.23,0,0,0.711864406779661,CC(O)C1NC(=O)C(CCCCN)NC(=O)C(Cc2c[nH]c3ccccc23)NC(=O)C(Cc2ccccc2)NC(=O)C(Cc2ccccc2)NC(=O)C(CCCNC(=N)N)NC(=O)C(NCC(CCCCNC(=O)CSCC2CC3c4cccc5[nH]cc(c45)CC3N(C)C2)NC(=O)CSCC2CC3c4cccc5[nH]cc(c45)CC3N(C)C2)CCCCNC(=O)C(Cc2ccc(F)cc2)NC1=O
9434,Cc1c(OCc2ccc(OCc3ccccc3)cc2)cc(C)cc1,6,3,0.6004833551026852,318.161979944,2,0,5.461440000000004,6,18.46,0,0,0.574468085106383,COc1cccc(CCc2ccccc2OCc2ccccc2)c1
9444,CS(=O)(=O)c1ccc(Nc2ccc(NC(N)=N)cc2)cc1,6,2,0.5110347954945478,304.09939675199996,4,4,2.1390700000000002,4,108.07,0,0,0.7192982456140351,C=CCN1CCCC1CNC(=O)c1cc(CCCSC2CC(=O)N(CCCCCC(=O)NCCOCCOCCOCCOCCOCCOCCOCCOCCOCCOCCOCCOCCC(=O)NC(Cc3cnc[nH]3)C(=O)NC(C)C(=O)NC(C(=O)NC(Cc3ccc(O)cc3)C(=O)N3CCCC3C(=O)NC(CCCNC(=N)N)C(=O)NC(Cc3cnc[nH]3)C(=O)O)C(C)CC)C2=O)cc(OC)c1OC
9466,Cc1nc(NCc2ccc(O)cc2)nc(O)c1I,6,2,0.7357731903856404,356.997424624,5,3,2.41292,3,78.27000000000001,0,0,0.6486486486486487,NCCc1ccc(O)cc1
9477,Oc1c2ccccc2sc1N=CCN1cccc1N1CCCCC1,6,4,0.6936168008544448,339.14053329200004,5,1,4.801200000000004,4,40.760000000000005,0,0,0.6666666666666666,CCc1cccc(NC(=O)CN2CCN(c3ccccn3)CC2)c1
9488,CC(C)=CCc1ccc2[nH]c(=O)[nH]c2c1,6,2,0.7214819468319483,202.110613068,1,2,2.3648999999999996,2,48.65,0,0,0.6785714285714286,COc1ccc(N2CCN(CCOc3ccc4[nH]c(=O)[nH]c4c3)CC2)cc1
9512,N=C(N)Cc1cnc(OCc2ccccc2)cc1,6,2,0.6219250835303187,241.1215121,3,2,2.1390700000000002,5,71.99000000000001,0,0,0.6428571428571429,O=C(Nc1nccc2ccccc12)NC1CCN(Cc2ccccc2)CC1
9531,O=c1Nc(-c2ccccc2N)ccc1N,6,2,0.6059890071942541,201.090211972,3,3,1.2063,1,84.89999999999999,0,0,0.6727272727272727,O=C(NCCCCN1CCC2c3ccccc3CCC21)c1ccc(-c2ccccc2)cc1
9567,COC(CO)Nc1ccc(Br)cc1Oc1ccccc1,6,2,0.7902294427780187,337.031355472,4,2,3.618100000000002,6,50.72,0,0,0.6956521739130435,Oc1ccc2c(c1)CCN2
9597,OCC1OC(NCc2cccc(O)c2)CC(O)(O)C1O,6,2,0.37734263340929813,285.121237328,7,6,-1.3691000000000006,4,122.41000000000001,0,0,0.6521739130434783,O=C1NCN(c2ccccc2)C12CCN(CCCOc1ccc(F)cc1)CC2
9600,CC(C)CCc1cc(O)ccc1OCc1ccccc1,6,2,0.8334395257406934,270.161979944,2,1,4.559800000000004,6,29.46,0,0,0.5365853658536586,O=C(Nc1nccc2ccccc12)NC1CCN(Cc2ccccc2)CC1
9606,CS(=O)(=NC1CCCCC1)c1c(F)cccc1F,6,2,0.806497942471913,273.099891604,2,0,3.7542000000000035,2,29.43,0,0,0.7142857142857143,C=C(C)COc1cccc2c1-c1cccc3c1C(C2)N(CCC)CC3
9621,COC(=O)c1sc(NNc2cccc(OC)c2)cccc1,7,2,0.6442022862553375,304.088163372,6,2,2.8130000000000006,5,59.59,0,0,0.6461538461538462,COc1ccccc1N1CCN(Cc2cn3ccccc3n2)CC1
9659,Cc1cc(Nc2cccc(Oc3ccccc3)c2)cc(C#N)c1,6,3,0.7010364317642966,300.126263132,3,1,5.402600000000004,4,45.05,0,0,0.6862745098039216,CCCN1CCCC(c2cccc(OS(C)(=O)=O)c2)C1
9660,CCN(OO)c1cccc(OC)c(O)C1OO,7,1,0.4982432048437016,245.0899372,7,3,1.4408,5,91.62000000000002,0,0,0.7313432835820896,O=S(=O)(NCCCCN1CCN(c2noc3ccccc23)CC1)c1cc2ccccc2s1
9686,CC(C)(C(=O)Cc1ccccc1)c1ccc2c(c1)OC2,6,3,0.8436860244817186,266.130679816,2,0,3.6684000000000028,4,26.3,0,0,0.6818181818181818,CCOc1c(C(=O)NCCN2CCN(c3ccccc3)CC2)cc(Br)c2ccccc12
9688,CCOC1cc(OCc2CC2)Ccn1,6,2,0.6725214248600754,195.125928784,3,0,2.1340000000000003,5,30.82,0,0,0.6875,CCc1sccc1N1CCCC(c2cccc(C#N)c2)C1
9726,NCc1ccc2ccc(C=Cc3ccc4[nH]cc(O)c4c3)[nH]c21,6,4,0.46247907238714947,303.137162164,2,4,3.935500000000001,3,77.83000000000001,0,0,0.7236842105263158,CCCN1CCc2nn3ccccc3c2C1
9732,CCC(=O)CC1CC(Nc2ccc(C)c(C(=O)O)c2)CC1,6,2,0.8386854557049755,289.167793596,3,2,3.6430200000000017,6,66.4,0,0,0.6323529411764706,COc1ccccc1C1CC1CNCCC1CCC(NC(=O)c2ccccc2)CC1
9748,C=Cc1cc(-c2ccccc2OC)nc(=O)[nH]1,6,2,0.8746682163945256,228.089877624,3,1,2.0884999999999994,3,54.98,0,0,0.6923076923076923,CC(C)(C)c1nc(N2CCN(CCCCn3cccnc3=O)CC2)cc(C(F)(F)F)n1
9817,NCC1cc2c(NCc3cccc4ccccc34)cccc2n1,6,4,0.7759413815370119,301.15789760800004,3,2,2.1929,4,50.41,0,0,0.7017543859649122,Clc1cccc(N2CCN(Cc3cccc4ccccc34)CC2)c1Cl
9866,O=C(O)c1cc(CSc2cccc(Cl)c2)ccc1,6,2,0.8459573264528079,278.01682827200005,2,1,4.3305000000000025,4,37.3,0,0,0.6290322580645161,COC(=O)c1cccc(CSc2nc3ccccc3n2Cc2ccc(Cl)cc2)c1
